path_loss_exponent,sinr_threshold_db,tx_power_w,samples,edge_coverage_rate,edge_coverage_ci95_low,edge_coverage_ci95_high,mid_coverage_rate,mid_coverage_ci95_low,mid_coverage_ci95_high,equal_power_decode_rate,equal_power_decode_ci95_low,equal_power_decode_ci95_high,near_far_capture_rate,near_far_capture_ci95_low,near_far_capture_ci95_high,one_sided_interference_survival_rate,one_sided_interference_survival_ci95_low,one_sided_interference_survival_ci95_high,edge_snr_mean_db,edge_snr_p10_db,edge_snr_p50_db,feasible,calibration_score
2.2,5.0,2.0,20000,0.89005,0.8856393783375073,0.8943108143351256,0.99665,0.9957482370499539,0.9973610135355174,0.17665,0.17142678529130861,0.18199740442617424,0.94615,0.9429351680081453,0.9491934782189926,0.9765,0.9743072645594955,0.9785097250790369,8.47427173307432,4.825343615097871,8.582626114152477,1,0.01990000000000003
2.0,7.5,0.5,20000,0.8871,0.8826394769778014,0.8914118487075624,0.99545,0.994417390611427,0.9962923208605788,0.0504,0.04745347452539701,0.053519204296252273,0.7681,0.7621997056843317,0.773897324582385,0.96215,0.9594152486440009,0.9647072524293414,10.930793074514387,7.281864956537945,11.039147455592538,1,0.025800000000000045
2.1,5.0,1.0,20000,0.94475,0.9414974032155082,0.9478317807125866,0.9984,0.9977422157210755,0.9988663627381994,0.1837,0.1783941476942676,0.18912733431482415,0.9317,0.928120369808072,0.9351138262610872,0.98535,0.9835892221894629,0.9869243684108762,9.702532403794354,6.0536042858179,9.810886784872507,1,0.08949999999999991
2.0,5.0,0.25,20000,0.85275,0.84777124469381,0.8575932738686082,0.9934,0.9921791719019251,0.9944313269179108,0.16925,0.1641168673977929,0.1745101644533203,0.91055,0.9065154924660899,0.9144268267282425,0.9762,0.9739943045993605,0.9782228002608052,7.920493117874575,4.271564999898135,8.028847498952727,1,0.09450000000000003
2.1,7.5,2.0,20000,0.9598,0.9569882282901122,0.962435175352694,0.99885,0.9982748651476752,0.9992335404791493,0.0543,0.051244146982888684,0.057527033957522976,0.80835,0.8028360826253629,0.8137454887388373,0.96855,0.9660397556629301,0.9708802873488942,12.712832360434165,9.063904242457712,12.821186741512319,1,0.11959999999999993
2.0,5.0,0.5,20000,0.97635,0.9741507735049671,0.978366273744382,0.99915,0.9986390788900333,0.9994692115151574,0.18825,0.18289239680774336,0.19372733767323783,0.91335,0.9093713430260113,0.9171699007664069,0.9922,0.9908827240222376,0.993328235684133,10.930793074514387,7.281864956537945,11.039147455592538,1,0.15270000000000006
2.0,7.5,1.0,20000,0.9829,0.9810083041629561,0.984606227414058,0.99945,0.9990153237654903,0.9996928514180666,0.05585,0.05275197922458176,0.05911860640405597,0.7713,0.7654274911796819,0.7770683100562756,0.98005,0.9780179195593922,0.9818977066231417,13.9410930311542,10.292164913177757,14.04944741223235,0,0.16579999999999995
2.1,5.0,2.0,20000,0.9927,0.9914219220373862,0.9937888456329284,0.99975,0.9994148495964674,0.9998932103654561,0.19495,0.18951836803346778,0.20049879316436164,0.93355,0.9300142403702767,0.9369192451654749,0.9935,0.9922875978181341,0.9945228625944907,12.712832360434165,9.063904242457712,12.821186741512319,0,0.1854
2.0,5.0,1.0,20000,0.99735,0.996535693976946,0.9979732877580466,0.9998,0.9994858195143681,0.9999222212439498,0.1975,0.192040855256693,0.20307532655725025,0.9148,0.9108507414315324,0.918589945456323,0.9962,0.995246781717087,0.9969626417008347,13.9410930311542,10.292164913177757,14.04944741223235,0,0.19469999999999987
2.0,7.5,2.0,20000,0.9981,0.9973933437444168,0.9986153499364917,0.99985,0.9995590363727073,0.999948985182005,0.05915,0.055964457417958635,0.06250486077270881,0.7737,0.7678486440716322,0.7794462353912562,0.987,0.9853339769564371,0.988478979924917,16.95139298779401,13.30246486981757,17.059747368872163,0,0.19619999999999993
2.0,5.0,2.0,20000,0.9997,0.9993455788792479,0.9998625002862812,0.99995,0.9997168094297738,0.9999911737177268,0.20205,0.19654264707006558,0.20767178721576712,0.9155,0.9115650530047328,0.9192753650326442,0.9973,0.9964790919161391,0.997929909022459,16.95139298779401,13.30246486981757,17.059747368872163,0,0.20145000000000002
2.1,7.5,1.0,20000,0.7922,0.7865210796777712,0.7977666944510412,0.9903,0.9888443946535185,0.9915672947898652,0.04845,0.045559990800755165,0.05151343696151292,0.8053,0.7997538275572414,0.8107289152269012,0.93775,0.9343167334019542,0.941015139030926,9.702532403794354,6.0536042858179,9.810886784872507,0,0.2156
2.0,10.0,1.0,20000,0.91485,0.9109017610913006,0.9186389065929494,0.9966,0.9956923559047284,0.9973169138843485,0.01225,0.010816446702680846,0.013870884470049217,0.5453,0.5383909374115556,0.5521916641217612,0.9206,0.9167717608522856,0.9242666984173191,13.9410930311542,10.292164913177757,14.04944741223235,0,0.23440000000000005
2.1,10.0,2.0,20000,0.83775,0.8325756686393888,0.8427946110047124,0.99345,0.9922333766994632,0.9944771029167673,0.0117,0.010300678081231678,0.013286864331160098,0.59385,0.5870262504642274,0.6006377043680418,0.88205,0.8775062421396442,0.8864470231098862,12.712832360434165,9.063904242457712,12.821186741512319,0,0.28065000000000007
2.1,2.5,0.5,20000,0.92665,0.9229542940428808,0.930181841590445,0.99765,0.9968766742912981,0.998232192222061,0.46005,0.4531509661960941,0.4669643774847887,0.9815,0.9795379110028702,0.9832771582751011,0.99155,0.9901836364000268,0.9927275729532167,6.692232447154542,3.0433043291780875,6.800586828232696,0,0.3133499999999999
2.1,5.0,0.5,20000,0.7372,0.7310547438922792,0.7432541542027047,0.9856,0.9838532072465787,0.9871602873357326,0.16015,0.15513259795063059,0.16529792895670367,0.92935,0.9257157029843349,0.932819395654288,0.95995,0.9571430668677982,0.9625802791641912,6.692232447154542,3.0433043291780875,6.800586828232696,0,0.3256000000000001
2.2,2.5,1.0,20000,0.8555,0.8505589383608748,0.8603045240032349,0.99545,0.994417390611427,0.9962923208605788,0.4436,0.43672619051470335,0.4504954711524252,0.986,0.9842758497881283,0.9875374911653378,0.98485,0.9830616217582383,0.986452160878157,5.463971776434508,1.815043658458059,5.572326157512666,0,0.33259999999999995
2.0,10.0,2.0,20000,0.98795,0.986341393105563,0.9893711989072845,0.9996,0.9992108209764861,0.9997972965962543,0.0131,0.011615066510360563,0.014771938201074121,0.5479,0.5409938101584648,0.5547877927873606,0.9443,0.9410353862955286,0.9473939704650168,16.95139298779401,13.30246486981757,17.059747368872163,0,0.3779999999999999
2.0,2.5,0.25,20000,0.965,0.9623623720726672,0.9674590343951553,0.99875,0.9981553047535189,0.9991531392805167,0.47175,0.46483763731716204,0.4786732127200079,0.9745,0.9722224775005943,0.9765952802821625,0.996,0.9950248954759672,0.996784604756377,7.920493117874575,4.271564999898135,8.028847498952727,0,0.4017499999999999
2.2,2.5,2.0,20000,0.9767,0.9745159541106864,0.9787009587134236,0.99945,0.9990153237654903,0.9996928514180666,0.48335,0.47642818566504,0.4902782091356283,0.9869,0.9852280617989259,0.9883849334896394,0.99585,0.994858838440503,0.9966507194026579,8.47427173307432,4.825343615097871,8.582626114152477,0,0.43674999999999997
2.1,2.5,1.0,20000,0.9895,0.9879903561203053,0.9908216405807683,0.99975,0.9994148495964674,0.9998932103654561,0.4918,0.4848736526405695,0.4987294967507506,0.98225,0.9803252571193489,0.9839895241045381,0.99725,0.9964225502305817,0.9978864699116221,9.702532403794354,6.0536042858179,9.810886784872507,0,0.47080000000000005
2.0,2.5,0.5,20000,0.99575,0.9947482949623955,0.9965613012879767,0.99975,0.9994148495964674,0.9998932103654561,0.49785,0.4909216231917274,0.5047792025633139,0.9755,0.9732644033334256,0.9775529703772189,0.99845,0.9978007844517176,0.9989077748039517,10.930793074514387,7.281864956537945,11.039147455592538,0,0.48935
2.2,7.5,2.0,20000,0.6498,0.6431605942409988,0.6563818717565923,0.9792,0.9771281440449296,0.9810878085988995,0.0456,0.04279500487108835,0.04857951749669953,0.83975,0.8346008068044913,0.8447687046953855,0.9018,0.8975982739220489,0.9058474059032655,8.47427173307432,4.825343615097871,8.582626114152477,0,0.5004
2.1,2.5,2.0,20000,0.9987,0.998095808650383,0.9991126545872582,0.99985,0.9995590363727073,0.999948985182005,0.5099,0.5029706031781817,0.5168255945079075,0.98265,0.9807455165870568,0.9843691110079854,0.99865,0.998036487964857,0.9990719944763898,12.712832360434165,9.063904242457712,12.821186741512319,0,0.5073000000000001
2.0,2.5,1.0,20000,0.99945,0.9990153237654903,0.9996928514180666,0.9999,0.9996354263863794,0.9999725759647273,0.5132,0.5062710259169821,0.5201239043311366,0.97595,0.9737335717583239,0.9779836291198701,0.99925,0.9987628321888334,0.9995454198091459,13.9410930311542,10.292164913177757,14.04944741223235,0,0.5120999999999998
2.0,2.5,2.0,20000,0.99995,0.9997168094297738,0.9999911737177268,1.0,0.9998079639438954,0.9999999999999999,0.51965,0.5127227245724215,0.5265697284105735,0.9763,0.9740986147522265,0.9783184517007281,0.99945,0.9990153237654903,0.9996928514180666,16.95139298779401,13.30246486981757,17.059747368872163,0,0.51955
2.3,2.5,2.0,20000,0.7426,0.7364946210455338,0.7486122030600443,0.99045,0.9890047789778478,0.9917068528547193,0.4218,0.4149714148808109,0.42865861955836393,0.9894,0.9878837525564804,0.9907282825518043,0.9735,0.9711814340040085,0.9756367078508604,4.235711105714503,0.5867829877380635,4.344065486792663,0,0.5366
2.2,5.0,1.0,20000,0.58015,0.5732953388326629,0.5869738777875435,0.97185,0.9694655151093717,0.9740532604644824,0.1505,0.14561168862794432,0.15552254457527276,0.94365,0.9403681308955372,0.9467614755118812,0.9293,0.925664552392552,0.9327705654496765,5.463971776434508,1.815043658458059,5.572326157512666,0,0.6396999999999999
2.1,2.5,0.25,20000,0.67465,0.6681239624952967,0.6811089593103058,0.979,0.9769189117736424,0.9808971176846092,0.397,0.3902395072455059,0.40380005218205167,0.97975,0.9777037798243616,0.9816119615798059,0.96555,0.9629316203409645,0.9679895748871966,3.6819324905147295,0.03300437253827601,3.7902868715928837,0,0.6477000000000002
2.0,7.5,0.25,20000,0.5738,0.5669328501364603,0.5806388053416587,0.96115,0.9583821518349946,0.96374073331046,0.04265,0.03993626855485413,0.045539386825664774,0.7611,0.7551405604656625,0.7669591583058397,0.89735,0.8930671715088775,0.9014802174373361,7.920493117874575,4.271564999898135,8.028847498952727,0,0.6524000000000001
2.1,0.0,0.25,20000,0.90145,0.8972418028201472,0.9055040114304063,0.9965,0.9955807217006262,0.9972285864956619,0.87695,0.8723248545246007,0.8814303694927019,0.9962,0.995246781717087,0.9969626417008347,0.99325,0.9920166536273292,0.9942939028033235,3.6819324905147295,0.03300437253827601,3.7902868715928837,0,0.6798499999999998
2.0,10.0,0.5,20000,0.64345,0.6367848268239769,0.6500600780315267,0.97145,0.9690498548960583,0.9736690743066406,0.0105,0.009178359419231705,0.012009643879694724,0.5392,0.5322849414838909,0.5461000028893105,0.85265,0.8476698851882961,0.8574946717813333,10.930793074514387,7.281864956537945,11.039147455592538,0,0.7239000000000001
2.3,0.0,2.0,20000,0.9281,0.9244370911773611,0.9315984875514022,0.99845,0.9978007844517176,0.9989077748039517,0.9014,0.8971908796862396,0.9054549537679195,0.9982,0.9975091840363307,0.9986994712373666,0.99545,0.994417390611427,0.9962923208605788,4.235711105714503,0.5867829877380635,4.344065486792663,0,0.7576
2.2,0.0,0.5,20000,0.816,0.8105693311237907,0.821309302088751,0.9934,0.9921791719019251,0.9944313269179108,0.8457,0.8406272689451468,0.8506399573256624,0.99725,0.9964225502305817,0.9978864699116221,0.987,0.9853339769564371,0.988478979924917,2.453671819794696,-1.1952562981817534,2.562026200872854,0,0.8137000000000001
2.2,0.0,1.0,20000,0.96655,0.9639670617160825,0.9689537494399663,0.9992,0.9987007797717246,0.9995074914298606,0.92125,0.9174356801307815,0.9249025294919504,0.99745,0.9966490860306292,0.9980598572971522,0.9973,0.9964790919161391,0.997929909022459,5.463971776434508,1.815043658458059,5.572326157512666,0,0.8543499999999999
2.1,0.0,0.5,20000,0.986,0.9842758497881283,0.9875374911653378,0.9996,0.9992108209764861,0.9997972965962543,0.93665,0.9331894875706269,0.9399428073415769,0.9967,0.9958041621451786,0.997405069236687,0.99855,0.9979183363699895,0.9989901844784685,6.692232447154542,3.0433043291780875,6.800586828232696,0,0.90865
2.0,0.0,0.25,20000,0.994,0.9928307494523352,0.9949795189242334,0.99975,0.9994148495964674,0.9998932103654561,0.94995,0.9468407106610043,0.9528864760921071,0.995,0.9939228956291228,0.9958869886753337,0.99915,0.9986390788900333,0.9994692115151574,7.920493117874575,4.271564999898135,8.028847498952727,0,0.9379499999999998
2.2,2.5,0.5,20000,0.5094,0.502470565470093,0.5163258242520523,0.96125,0.9584854396522249,0.9638374070860187,0.3676,0.36094386029979997,0.37430699084785646,0.98465,0.9828507153421648,0.9862631441086529,0.9376,0.934163000741594,0.9408689293021033,2.453671819794696,-1.1952562981817534,2.562026200872854,0,0.9488000000000001
2.2,0.0,2.0,20000,0.9958,0.9948035509604237,0.9966060260863429,0.9998,0.9994858195143681,0.9999222212439498,0.9606,0.9578141540350967,0.9632089423500197,0.99755,0.996762740834407,0.9981461640861634,0.9992,0.9987007797717246,0.9995074914298606,8.47427173307432,4.825343615097871,8.582626114152477,0,0.9521999999999999
2.1,0.0,1.0,20000,0.99825,0.9975672660559343,0.9987413700141574,0.99985,0.9995590363727073,0.999948985182005,0.96865,0.9661434567124781,0.970976547892135,0.99685,0.995972211169275,0.9975369626017738,0.99955,0.9991449078924859,0.99976322888386,9.702532403794354,6.0536042858179,9.810886784872507,0,0.96515
2.0,0.0,0.5,20000,0.9993,0.9988252697172566,0.9995829630771171,0.99985,0.9995590363727073,0.999948985182005,0.97435,0.9720662659557207,0.976451549437853,0.9952,0.9941424112223024,0.9960673962677314,0.9998,0.9994858195143681,0.9999222212439498,10.930793074514387,7.281864956537945,11.039147455592538,0,0.97295
2.1,0.0,2.0,20000,0.99985,0.9995590363727073,0.999948985182005,0.99995,0.9997168094297738,0.9999911737177268,0.9832,0.9813237800719425,0.9848906362834378,0.99695,0.9960844826976206,0.997624652666217,0.99985,0.9995590363727073,0.999948985182005,12.712832360434165,9.063904242457712,12.821186741512319,0,0.9828999999999999
2.0,0.0,1.0,20000,0.9999,0.9996354263863794,0.9999725759647273,0.99995,0.9997168094297738,0.9999911737177268,0.98665,0.9849633758827118,0.9881497154238815,0.99525,0.9941973537644435,0.9961124345219847,0.99995,0.9997168094297738,0.9999911737177268,13.9410930311542,10.292164913177757,14.04944741223235,0,0.98645
2.3,5.0,2.0,20000,0.40475,0.3979662998523539,0.411570283016334,0.94935,0.9462237383962658,0.952303678800113,0.1379,0.13319096209095307,0.14274811042087784,0.95535,0.9523991303064729,0.9581259824572326,0.8862,0.8817244436101863,0.8905272277400784,4.235711105714503,0.5867829877380635,4.344065486792663,0,0.9905
2.0,0.0,2.0,20000,1.0,0.9998079639438954,0.9999999999999999,1.0,0.9998079639438954,0.9999999999999999,0.99395,0.9927763542646242,0.99493393331555,0.99545,0.994417390611427,0.9962923208605788,0.99995,0.9997168094297738,0.9999911737177268,16.95139298779401,13.30246486981757,17.059747368872163,0,0.9939499999999999
2.1,7.5,0.5,20000,0.39805,0.39128625938318673,0.404852896768653,0.92965,0.9260226173526043,0.933112366064385,0.03905,0.03645262860052563,0.04182440943959723,0.7983,0.7926817469997804,0.8038036842891476,0.8355,0.83029771840958,0.8405734253967737,6.692232447154542,3.0433043291780875,6.800586828232696,0,1.0039
2.1,10.0,1.0,20000,0.47205,0.46513734574054977,0.47897338907498654,0.9491,0.9459667015955553,0.9520608116188516,0.00995,0.008665483721428117,0.011422730817160026,0.58735,0.580510905225888,0.5941555460751106,0.7836,0.7778388127357938,0.7892522644131836,9.702532403794354,6.0536042858179,9.810886784872507,0,1.0185499999999998
2.3,0.0,1.0,20000,0.68015,0.6736518245529827,0.686578984856003,0.9857,0.9839588367686715,0.9872546194064286,0.80725,0.8017243892350217,0.8126576046085021,0.99795,0.9972203323503435,0.9984884189413819,0.9764,0.9742029347186725,0.9784140933270711,1.2254111490746913,-2.4235169689017484,1.3337655301528506,0,1.04695
2.1,5.0,0.25,20000,0.32925,0.3227704042662542,0.3357951760469055,0.90615,0.9020300684282917,0.9101139406833346,0.1235,0.11901240042378636,0.12813220272646042,0.92365,0.9198877294199977,0.9272495584296646,0.8526,0.8476192057271711,0.857445370446064,3.6819324905147295,0.03300437253827601,3.7902868715928837,0,1.1415000000000002
2.3,2.5,1.0,20000,0.3353,0.3287893942370948,0.34187386243978607,0.9301,0.92648302385884,0.9335517867256988,0.33225,0.3257548757585699,0.3388095523382533,0.9881,0.9865006707479955,0.989511863654035,0.89265,0.8882841741732651,0.8968650199118761,1.2254111490746913,-2.4235169689017484,1.3337655301528506,0,1.26165
2.2,10.0,2.0,20000,0.2993,0.29299226768662673,0.30568481558629373,0.90775,0.9036608097842345,0.911682584812012,0.00915,0.00792140894437842,0.010567112851899492,0.63185,0.6251410269137949,0.6385083331782104,0.69225,0.6858167764790155,0.6986093856574123,8.47427173307432,4.825343615097871,8.582626114152477,0,1.31955
2.2,7.5,1.0,20000,0.2368,0.23095915891937416,0.24274192886055931,0.8788,0.874204076504826,0.8832504369790692,0.03465,0.03220332918893403,0.03727539876848255,0.83035,0.8250850295582088,0.8354880922195229,0.7525,0.7464708866460282,0.7584321351456388,5.463971776434508,1.815043658458059,5.572326157512666,0,1.3264
2.4,0.0,2.0,20000,0.5153,0.5083714522045255,0.5222226714921576,0.9721,0.9697253646347129,0.9742933149211129,0.7611,0.7551405604656625,0.7669591583058397,0.99835,0.9976837768002499,0.9988248208626306,0.95845,0.9555951366345609,0.9611287855055969,-0.0028495216453141604,-3.651777639621761,0.1055048594328475,0,1.3305
2.2,0.0,0.25,20000,0.4359,0.429040619334643,0.4427839996877496,0.9486,0.9454526889453262,0.9515750163051367,0.6985,0.6921023357015305,0.704821425984196,0.99705,0.99619695613099,0.9977121408256364,0.93325,0.9297070749167894,0.936626525840596,-0.5566281368451157,-4.205556254821565,-0.44827375576695805,0,1.4267
2.2,5.0,0.5,20000,0.1826,0.1773068428980385,0.18801506159037673,0.8417,0.8365755866512748,0.8466931759079833,0.10785,0.10362611295971082,0.11222450091909204,0.93755,0.9341117577450483,0.9408201915022546,0.7657,0.7597791765379454,0.7715187755018407,2.453671819794696,-1.1952562981817534,2.562026200872854,0,1.4348
2.4,2.5,2.0,20000,0.1869,0.1815576247110205,0.1923626282673122,0.87935,0.8747628295606703,0.8837914726835631,0.29435,0.28807371833842726,0.3007052660914486,0.99085,0.9894328871481004,0.9920785910556216,0.8257,0.8203799214394156,0.8308949862736377,-0.0028495216453141604,-3.651777639621761,0.1055048594328475,0,1.52055
2.0,10.0,0.25,20000,0.23205,0.22625132699043923,0.23795158513202722,0.8411,0.8359679334339344,0.8461010595685908,0.00805,0.0069025499099872115,0.009386394365614129,0.5264,0.5194757396683705,0.5333141208278671,0.6736,0.6670687596119479,0.6800645654693726,7.920493117874575,4.271564999898135,8.028847498952727,0,1.5595
2.3,7.5,2.0,20000,0.11945,0.11502819123027787,0.12401796741202335,0.7995,0.7938939142377288,0.8049910561646645,0.02975,0.02748419295843287,0.03219641695233353,0.8588,0.8539049674052338,0.8635572275209055,0.64565,0.638993609447394,0.6522504504494626,4.235711105714503,0.5867829877380635,4.344065486792663,0,1.5611000000000002
2.2,2.5,0.25,20000,0.1361,0.13141763334525783,0.14092213049637506,0.79705,0.7914191548628429,0.8025667565162253,0.2525,0.24652690899210117,0.2585681488556706,0.9813,0.979328088036284,0.9830870580561095,0.75005,0.7440016259842309,0.7560023367841112,-0.5566281368451157,-4.205556254821565,-0.44827375576695805,0,1.5803
2.3,5.0,1.0,20000,0.0834,0.07964770667860079,0.08731229776334558,0.7457,0.7396180579592996,0.7516875755227307,0.0901,0.08621012714348601,0.09414730401530856,0.9493,0.9461723294001738,0.9522551069998106,0.6563,0.6496883030932268,0.662851666435635,1.2254111490746913,-2.4235169689017484,1.3337655301528506,0,1.6332
2.1,7.5,0.25,20000,0.08095,0.07724981125310021,0.08481113416552105,0.68335,0.6768685094838657,0.6897610708943608,0.02415,0.022112056197876134,0.02637070451671864,0.7824,0.7766276289670139,0.7880639090684981,0.57775,0.5708904825039559,0.5845796558893198,3.6819324905147295,0.03300437253827601,3.7902868715928837,0,1.6381000000000001
2.3,2.5,0.5,20000,0.0588,0.055623599891453525,0.062145852724453186,0.6845,0.678024591552775,0.6909045471425224,0.20765,0.20208483157883803,0.2133274519031663,0.98495,0.9831671032544762,0.9865466409747079,0.6351,0.628402875890431,0.6417452359672096,-1.784888807565121,-5.433816925541561,-1.6765344264869615,0,1.69005
2.3,0.0,0.5,20000,0.2672,0.26111254020344365,0.2733768717842786,0.9066,0.9024886779583557,0.9105551583208199,0.63015,0.6234349590018115,0.6368150540127845,0.99745,0.9966490860306292,0.9980598572971522,0.88225,0.8777094875370424,0.8866437008980657,-1.784888807565121,-5.433816925541561,-1.6765344264869615,0,1.69575
2.4,5.0,2.0,20000,0.0327,0.0303235085754209,0.03525596832261448,0.6207,0.6139528435623349,0.6274007989337214,0.0725,0.06898766024212771,0.07617653058584173,0.95835,0.9554919766741123,0.9610319838732566,0.5292,0.5222773622706047,0.5361114228237187,-0.0028495216453141604,-3.651777639621761,0.1055048594328475,0,1.7346000000000001
2.2,7.5,0.5,20000,0.0315,0.029167845362775245,0.034012092421794794,0.5475,0.5405933558422673,0.5543884007324027,0.01925,0.017436001332587377,0.021248641335357216,0.81345,0.8079912026377226,0.8187884099587054,0.4416,0.4347297768794528,0.4484926529319002,2.453671819794696,-1.1952562981817534,2.562026200872854,0,1.737
2.1,10.0,0.5,20000,0.11615,0.11178302647358654,0.12066439960668499,0.74485,0.7387615918057813,0.7508443681375443,0.0063,0.005294265681343145,0.007495350720454561,0.57405,0.5671833199343151,0.5808882395257756,0.55825,0.5513571317787401,0.5651204960207238,6.692232447154542,3.0433043291780875,6.800586828232696,0,1.7436500000000001
2.4,2.5,1.0,20000,0.02,0.01814990972609498,0.02203444488776546,0.54895,0.5420450241292019,0.5558361755409056,0.16155,0.1565144245492226,0.1667155646571546,0.98765,0.9860230157162778,0.9890896915182034,0.50155,0.49462088189990105,0.5084785227883252,-3.013149478285126,-6.662077596261573,-2.9047950972069643,0,1.76
2.2,5.0,0.25,20000,0.0193,0.01748357240261792,0.021301051061721067,0.4716,0.4646877840451632,0.47852312360282356,0.05335,0.05032034303995811,0.056551202768960154,0.92525,0.9215230176649118,0.9288136556693711,0.4173,0.4104824433038084,0.4241493194598713,-0.5566281368451157,-4.205556254821565,-0.44827375576695805,0,1.7614
2.3,7.5,1.0,20000,0.00895,0.007735776285704819,0.010352822324995533,0.4029,0.39612167921150665,0.4097156141905889,0.01495,0.013358898033699482,0.016727396144327614,0.8403,0.835157768813072,0.8453115314471433,0.30975,0.3033787589764858,0.3161943107428621,1.2254111490746913,-2.4235169689017484,1.3337655301528506,0,1.7821
2.3,5.0,0.5,20000,0.0051,0.0042033626022052704,0.006186714686127089,0.3315,0.3250087298397809,0.33805598631112643,0.0381,0.03553433142996211,0.04084307147866735,0.93655,0.9330870251488469,0.9398453081705681,0.2854,0.2791828688928184,0.29169955298246164,-1.784888807565121,-5.433816925541561,-1.6765344264869615,0,1.7898
2.3,2.5,0.25,20000,0.00275,0.00211353008837781,0.00357744976941824,0.2645,0.25843288520087665,0.27065756378154865,0.07735,0.07372824350304213,0.08113408457518312,0.97585,0.9736292954832814,0.9778879438021238,0.2454,0.23948538631612945,0.25141239844363905,-4.795188764204933,-8.444116882181373,-4.686834383126773,0,1.7945
2.4,7.5,2.0,20000,0.0022,0.0016393270230052992,0.002951864074452466,0.26825,0.26215470711502276,0.2744343015969817,0.0103,0.008991741299296096,0.011796338814052773,0.86435,0.8595344077847737,0.8690256555411426,0.19565,0.19021077966657873,0.2012061126807721,-0.0028495216453141604,-3.651777639621761,0.1055048594328475,0,1.7956
2.4,5.0,1.0,20000,0.0013,0.0008873454127417631,0.0019041913496169907,0.2089,0.20332215025129563,0.21458965314056844,0.02495,0.02287787770650082,0.027204575750404178,0.9452,0.9419594788889869,0.9482695322066577,0.173,0.16782077958527486,0.17830481199541748,-3.013149478285126,-6.662077596261573,-2.9047950972069643,0,1.7974
2.2,7.5,0.25,20000,0.00115,0.0007664595208507284,0.0017251348523248564,0.1563,0.1513332887514999,0.16139871683346638,0.00635,0.005339958177685487,0.007549639020506609,0.77705,0.7712286259710472,0.7827649668502652,0.12265,0.11817607385068213,0.12726885576086003,-0.5566281368451157,-4.205556254821565,-0.44827375576695805,0,1.7977
2.4,2.5,0.5,20000,0.0005,0.000271621145015576,0.0009202228750329448,0.15765,0.15266539365323162,0.1627660934343832,0.0475,0.0446380012200997,0.05053579141067499,0.97825,0.9761347028071654,0.9801816147051703,0.1407,0.13595001587910316,0.14558798123081357,-6.023449434924938,-9.672377552901384,-5.915095053846777,0,1.7990000000000002
2.4,0.0,0.25,20000,0.00025,0.00010678963454394949,0.0005851504035326238,0.11425,0.10991511563800371,0.11873304017928102,0.0688,0.06537425263647997,0.07239135925830464,0.98885,0.9872979940708255,0.9902142522771209,0.10565,0.10146534766389717,0.10998611117355253,-9.03374939156475,-12.682677509541195,-8.925395010486588,0,1.7995
2.3,7.5,0.5,20000,0.0002,7.777875605022842e-05,0.0005141804856319553,0.0806,0.07690733737666167,0.08445374246719889,0.00345,0.002727228767461244,0.00436348223985626,0.8019,0.7963184823529577,0.8073655662763664,0.06255,0.059277285928694655,0.06599072641679128,-1.784888807565121,-5.433816925541561,-1.6765344264869615,0,1.7996
2.3,5.0,0.25,20000,0.0001,2.7424035272726838e-05,0.0003645736136206778,0.0553,0.05221686198141197,0.058553934886887496,0.0085,0.007318713139651257,0.009870058303499591,0.90155,0.8973436500687683,0.905602125774574,0.04805,0.045171745705301206,0.05110183568581177,-4.795188764204933,-8.444116882181373,-4.686834383126773,0,1.7998
2.4,7.5,1.0,20000,0.0001,2.7424035272726838e-05,0.0003645736136206778,0.03755,0.03500288801545859,0.040274726132832575,0.00185,0.0013425368836908259,0.0025487886390062127,0.82075,0.8153727642508443,0.8260040446191647,0.0265,0.024363292149139563,0.02881856599599151,-3.013149478285126,-6.662077596261573,-2.9047950972069643,0,1.7998
2.4,5.0,0.5,20000,5e-05,8.826282272974824e-06,0.0002831905702260402,0.02365,0.021633726255618053,0.025849226495032823,0.00405,0.003259990674776548,0.0050304898892736295,0.9086,0.9045272893454694,0.9125157787894818,0.01995,0.018102293376858335,0.02198208044060771,-6.023449434924938,-9.672377552901384,-5.915095053846777,0,1.7999
2.4,2.5,0.25,20000,0.0,0.0,0.00019203605610462553,0.015,0.0134061261296705,0.016780148844750986,0.0063,0.005294265681343145,0.007495350720454561,0.94585,0.9426270266395077,0.9489017348092638,0.0139,0.012368260459034976,0.015618436994709939,-9.03374939156475,-12.682677509541195,-8.925395010486588,0,1.8
2.4,5.0,0.25,20000,0.0,0.0,0.00019203605610462553,0.00085,0.0005307884848425495,0.001360921109966698,5e-05,8.826282272974824e-06,0.0002831905702260402,0.7976,0.7919746851220405,0.803111015017366,0.0005,0.000271621145015576,0.0009202228750329448,-9.03374939156475,-12.682677509541195,-8.925395010486588,0,1.8
2.4,7.5,0.5,20000,0.0,0.0,0.00019203605610462553,0.00145,0.0010098155215314162,0.0020816636300105057,5e-05,8.826282272974824e-06,0.0002831905702260402,0.71785,0.711571419198804,0.7240449106915513,0.0012,0.0008065616688691384,0.0017850135007008356,-6.023449434924938,-9.672377552901384,-5.915095053846777,0,1.83215
2.2,10.0,1.0,20000,0.04795,0.04507469324573276,0.05099892655259144,0.6194,0.6126486383418313,0.6261055034479708,0.0052,0.004293808408424273,0.006296230472696864,0.6171,0.6103413235532984,0.6238137016023619,0.4285,0.4216560730896917,0.4353713880663312,5.463971776434508,1.815043658458059,5.572326157512666,0,1.837
2.3,7.5,0.25,20000,0.0,0.0,0.00019203605610462553,0.00485,0.0039776678319912,0.005912505474369212,0.0002,7.777875605022842e-05,0.0005141804856319553,0.70945,0.7031180259871828,0.7157015301089151,0.00455,0.003707679139421153,0.005582609388572922,-4.795188764204933,-8.444116882181373,-4.686834383126773,0,1.84055
2.4,0.0,0.5,20000,0.0118,0.010394393539922907,0.013393110465257648,0.4724,0.4654870087346702,0.47932359165562677,0.2727,0.2665719951712475,0.2789153044198577,0.9967,0.9958041621451786,0.997405069236687,0.45255,0.44566152359049427,0.4594567006312301,-6.023449434924938,-9.672377552901384,-5.915095053846777,0,1.8491
2.3,10.0,2.0,20000,0.0154,0.013784121738313091,0.017201999607263513,0.47545,0.4685342162631255,0.48237521270722916,0.00425,0.003438698712023277,0.005251705037604458,0.6608,0.6542082852595068,0.66732995594485,0.3058,0.2994523089747812,0.31222227782940987,4.235711105714503,0.5867829877380635,4.344065486792663,0,1.8584
2.4,0.0,1.0,20000,0.1406,0.13585146702720152,0.14548656848992647,0.84235,0.8372339065656168,0.8473346063467685,0.54915,0.5422452588752885,0.5560358639803965,0.998,0.9972779078878247,0.998530824200295,0.8085,0.8029876824930791,0.8138938312603043,-3.013149478285126,-6.662077596261573,-2.9047950972069643,0,1.8679500000000002
2.3,0.0,0.25,20000,0.03925,0.03664600954071699,0.04203095168498343,0.6162,0.6094385047003069,0.6229168661202543,0.3595,0.35287725157908756,0.36617671055267786,0.99585,0.994858838440503,0.9966507194026579,0.5913,0.5844700836488217,0.5980948505673338,-4.795188764204933,-8.444116882181373,-4.686834383126773,0,1.881
2.4,10.0,2.0,20000,0.0001,2.7424035272726838e-05,0.0003645736136206778,0.05655,0.05343316239594655,0.05983715438221265,0.0005,0.000271621145015576,0.0009202228750329448,0.6584,0.651797546254166,0.6649416167232601,0.033,0.03061256452298772,0.035566797153413994,-0.0028495216453141604,-3.651777639621761,0.1055048594328475,0,1.8914
2.3,10.0,1.0,20000,0.00035,0.00016955317759555281,0.0007223484532697996,0.11585,0.1114880677109824,0.12035947359092276,0.00085,0.0005307884848425495,0.001360921109966698,0.6218,0.6150564418455227,0.6284967781712103,0.07405,0.07050220413929646,0.07776139137689907,1.2254111490746913,-2.4235169689017484,1.3337655301528506,0,1.9275000000000002
2.2,10.0,0.5,20000,0.00205,0.0015115810586180745,0.0027796676496565226,0.2077,0.20213432277252494,0.21337794150587377,0.0016,0.0011336372618005737,0.002257784278924517,0.5873,0.5804607919503103,0.5941056785542939,0.13875,0.13402846275009045,0.14361028330044512,2.453671819794696,-1.1952562981817534,2.562026200872854,0,1.9586000000000001
2.4,10.0,1.0,20000,0.0,0.0,0.00019203605610462553,0.003,0.0023315774005613125,0.003859306439206685,5e-05,8.826282272974824e-06,0.0002831905702260402,0.57255,0.5656805279898174,0.5793916075784418,0.00175,0.0012586299858426053,0.0024327339440656536,-3.013149478285126,-6.662077596261573,-2.9047950972069643,0,1.9774500000000002
2.1,10.0,0.25,20000,0.0084,0.007226152151851304,0.009762657698510762,0.3298,0.3233175349490252,0.33634783412447283,0.0026,0.001983395563263493,0.0034076419053493887,0.5455,0.5385911516554536,0.5523913730634409,0.23605,0.23021574886918425,0.24198562696483336,3.6819324905147295,0.03300437253827601,3.7902868715928837,0,1.9877000000000002
2.3,10.0,0.5,20000,0.0,0.0,0.00019203605610462553,0.00895,0.007735776285704819,0.010352822324995533,5e-05,8.826282272974824e-06,0.0002831905702260402,0.54825,0.5413442113726906,0.5551372571478953,0.00695,0.005889547147273566,0.008199819607651206,-1.784888807565121,-5.433816925541561,-1.6765344264869615,0,2.00175
2.2,10.0,0.25,20000,0.0001,2.7424035272726838e-05,0.0003645736136206778,0.0235,0.021490274920963146,0.025692735440504554,0.00015,5.101481799495055e-05,0.0004409636272928435,0.5216,0.5146734655187203,0.5285182385236559,0.0169,0.015204150610295054,0.018781394627113226,-0.5566281368451157,-4.205556254821565,-0.44827375576695805,0,2.0282
2.4,7.5,0.25,20000,0.0,0.0,0.00019203605610462553,0.0,0.0,0.00019203605610462553,0.0,0.0,0.00019203605610462553,0.49895,0.4920213631820236,0.5058790400936942,0.0,0.0,0.00019203605610462553,-9.03374939156475,-12.682677509541195,-8.925395010486588,0,2.05105
2.4,10.0,0.5,20000,0.0,0.0,0.00019203605610462553,0.0,0.0,0.00019203605610462553,0.0,0.0,0.00019203605610462553,0.4101,0.40330130668040604,0.4169332214024816,0.0,0.0,0.00019203605610462553,-6.023449434924938,-9.672377552901384,-5.915095053846777,0,2.1399
2.3,10.0,0.25,20000,0.0,0.0,0.00019203605610462553,0.00025,0.00010678963454394949,0.0005851504035326238,0.0,0.0,0.00019203605610462553,0.40705,0.4002597517610975,0.4138759477417324,0.00015,5.101481799495055e-05,0.0004409636272928435,-4.795188764204933,-8.444116882181373,-4.686834383126773,0,2.14295
2.4,10.0,0.25,20000,0.0,0.0,0.00019203605610462553,0.0,0.0,0.00019203605610462553,0.0,0.0,0.00019203605610462553,0.19035,0.18496891865227272,0.1958500092772728,0.0,0.0,0.00019203605610462553,-9.03374939156475,-12.682677509541195,-8.925395010486588,0,2.3596500000000002
