angular_cell_offset_std,area_diagonal_m,area_scale,azimuth_cells,base_seed,beam_count,beamwidth_deg,case_id,communication_range_m,communication_range_to_diagonal_ratio,delay_slots,discovery_slot,edge_i,edge_j,elevation_cells,episode,false_alarm_rate,first_true_slot,isac_error_sweep_enabled,miss_detection_rate,node_count,protocol,range_mode,range_sweep_enabled,sensing_range_m,sensing_range_to_diagonal_ratio,sensing_to_comm_range_ratio,slot_duration_ms,train_beamwidth_deg,train_node_count
0.0,815.56096023333,density,120,20290704,7200,3.0,0,856.3390082449965,1.05,45,44,14,67,60,0,0.0,0,False,0.0,100,improved_rl_isac,singlehop,False,856.3390082449965,1.05,1.0,5.0,10.0,10
0.0,815.56096023333,density,120,20290704,7200,3.0,0,856.3390082449965,1.05,49,48,21,67,60,0,0.0,0,False,0.0,100,improved_rl_isac,singlehop,False,856.3390082449965,1.05,1.0,5.0,10.0,10
0.0,815.56096023333,density,120,20290704,7200,3.0,0,856.3390082449965,1.05,52,51,3,55,60,0,0.0,0,False,0.0,100,improved_rl_isac,singlehop,False,856.3390082449965,1.05,1.0,5.0,10.0,10
0.0,815.56096023333,density,120,20290704,7200,3.0,0,856.3390082449965,1.05,55,54,3,28,60,0,0.0,0,False,0.0,100,improved_rl_isac,singlehop,False,856.3390082449965,1.05,1.0,5.0,10.0,10
0.0,815.56096023333,density,120,20290704,7200,3.0,0,856.3390082449965,1.05,57,56,12,36,60,0,0.0,0,False,0.0,100,improved_rl_isac,singlehop,False,856.3390082449965,1.05,1.0,5.0,10.0,10
0.0,815.56096023333,density,120,20290704,7200,3.0,0,856.3390082449965,1.05,57,56,61,71,60,0,0.0,0,False,0.0,100,improved_rl_isac,singlehop,False,856.3390082449965,1.05,1.0,5.0,10.0,10
0.0,815.56096023333,density,120,20290704,7200,3.0,0,856.3390082449965,1.05,62,61,82,93,60,0,0.0,0,False,0.0,100,improved_rl_isac,singlehop,False,856.3390082449965,1.05,1.0,5.0,10.0,10
0.0,815.56096023333,density,120,20290704,7200,3.0,0,856.3390082449965,1.05,67,66,22,67,60,0,0.0,0,False,0.0,100,improved_rl_isac,singlehop,False,856.3390082449965,1.05,1.0,5.0,10.0,10
0.0,815.56096023333,density,120,20290704,7200,3.0,0,856.3390082449965,1.05,70,69,16,72,60,0,0.0,0,False,0.0,100,improved_rl_isac,singlehop,False,856.3390082449965,1.05,1.0,5.0,10.0,10
0.0,815.56096023333,density,120,20290704,7200,3.0,0,856.3390082449965,1.05,128,127,8,20,60,0,0.0,0,False,0.0,100,improved_rl_isac,singlehop,False,856.3390082449965,1.05,1.0,5.0,10.0,10
0.0,815.56096023333,density,120,20290704,7200,3.0,0,856.3390082449965,1.05,128,127,25,56,60,0,0.0,0,False,0.0,100,improved_rl_isac,singlehop,False,856.3390082449965,1.05,1.0,5.0,10.0,10
0.0,815.56096023333,density,120,20290704,7200,3.0,0,856.3390082449965,1.05,136,135,25,36,60,0,0.0,0,False,0.0,100,improved_rl_isac,singlehop,False,856.3390082449965,1.05,1.0,5.0,10.0,10
0.0,815.56096023333,density,120,20290704,7200,3.0,0,856.3390082449965,1.05,137,136,31,58,60,0,0.0,0,False,0.0,100,improved_rl_isac,singlehop,False,856.3390082449965,1.05,1.0,5.0,10.0,10
0.0,815.56096023333,density,120,20290704,7200,3.0,0,856.3390082449965,1.05,140,139,8,55,60,0,0.0,0,False,0.0,100,improved_rl_isac,singlehop,False,856.3390082449965,1.05,1.0,5.0,10.0,10
0.0,815.56096023333,density,120,20290704,7200,3.0,0,856.3390082449965,1.05,146,145,46,97,60,0,0.0,0,False,0.0,100,improved_rl_isac,singlehop,False,856.3390082449965,1.05,1.0,5.0,10.0,10
0.0,815.56096023333,density,120,20290704,7200,3.0,0,856.3390082449965,1.05,148,147,62,65,60,0,0.0,0,False,0.0,100,improved_rl_isac,singlehop,False,856.3390082449965,1.05,1.0,5.0,10.0,10
0.0,815.56096023333,density,120,20290704,7200,3.0,0,856.3390082449965,1.05,180,179,27,93,60,0,0.0,0,False,0.0,100,improved_rl_isac,singlehop,False,856.3390082449965,1.05,1.0,5.0,10.0,10
0.0,815.56096023333,density,120,20290704,7200,3.0,0,856.3390082449965,1.05,190,189,35,51,60,0,0.0,0,False,0.0,100,improved_rl_isac,singlehop,False,856.3390082449965,1.05,1.0,5.0,10.0,10
0.0,815.56096023333,density,120,20290704,7200,3.0,0,856.3390082449965,1.05,190,189,37,93,60,0,0.0,0,False,0.0,100,improved_rl_isac,singlehop,False,856.3390082449965,1.05,1.0,5.0,10.0,10
0.0,815.56096023333,density,120,20290704,7200,3.0,0,856.3390082449965,1.05,198,197,21,52,60,0,0.0,0,False,0.0,100,improved_rl_isac,singlehop,False,856.3390082449965,1.05,1.0,5.0,10.0,10
0.0,815.56096023333,density,120,20290704,7200,3.0,0,856.3390082449965,1.05,200,199,23,37,60,0,0.0,0,False,0.0,100,improved_rl_isac,singlehop,False,856.3390082449965,1.05,1.0,5.0,10.0,10
0.0,815.56096023333,density,120,20290704,7200,3.0,0,856.3390082449965,1.05,220,219,6,35,60,0,0.0,0,False,0.0,100,improved_rl_isac,singlehop,False,856.3390082449965,1.05,1.0,5.0,10.0,10
0.0,815.56096023333,density,120,20290704,7200,3.0,0,856.3390082449965,1.05,225,224,41,77,60,0,0.0,0,False,0.0,100,improved_rl_isac,singlehop,False,856.3390082449965,1.05,1.0,5.0,10.0,10
0.0,815.56096023333,density,120,20290704,7200,3.0,0,856.3390082449965,1.05,228,227,42,83,60,0,0.0,0,False,0.0,100,improved_rl_isac,singlehop,False,856.3390082449965,1.05,1.0,5.0,10.0,10
0.0,815.56096023333,density,120,20290704,7200,3.0,0,856.3390082449965,1.05,230,229,71,83,60,0,0.0,0,False,0.0,100,improved_rl_isac,singlehop,False,856.3390082449965,1.05,1.0,5.0,10.0,10
0.0,815.56096023333,density,120,20290704,7200,3.0,0,856.3390082449965,1.05,256,255,91,98,60,0,0.0,0,False,0.0,100,improved_rl_isac,singlehop,False,856.3390082449965,1.05,1.0,5.0,10.0,10
0.0,815.56096023333,density,120,20290704,7200,3.0,0,856.3390082449965,1.05,257,256,55,59,60,0,0.0,0,False,0.0,100,improved_rl_isac,singlehop,False,856.3390082449965,1.05,1.0,5.0,10.0,10
0.0,815.56096023333,density,120,20290704,7200,3.0,0,856.3390082449965,1.05,261,260,47,65,60,0,0.0,0,False,0.0,100,improved_rl_isac,singlehop,False,856.3390082449965,1.05,1.0,5.0,10.0,10
0.0,815.56096023333,density,120,20290704,7200,3.0,0,856.3390082449965,1.05,262,261,40,89,60,0,0.0,0,False,0.0,100,improved_rl_isac,singlehop,False,856.3390082449965,1.05,1.0,5.0,10.0,10
0.0,815.56096023333,density,120,20290704,7200,3.0,0,856.3390082449965,1.05,265,264,51,85,60,0,0.0,0,False,0.0,100,improved_rl_isac,singlehop,False,856.3390082449965,1.05,1.0,5.0,10.0,10
0.0,815.56096023333,density,120,20290704,7200,3.0,0,856.3390082449965,1.05,266,265,67,98,60,0,0.0,0,False,0.0,100,improved_rl_isac,singlehop,False,856.3390082449965,1.05,1.0,5.0,10.0,10
0.0,815.56096023333,density,120,20290704,7200,3.0,0,856.3390082449965,1.05,269,268,8,34,60,0,0.0,0,False,0.0,100,improved_rl_isac,singlehop,False,856.3390082449965,1.05,1.0,5.0,10.0,10
0.0,815.56096023333,density,120,20290704,7200,3.0,0,856.3390082449965,1.05,279,278,15,43,60,0,0.0,0,False,0.0,100,improved_rl_isac,singlehop,False,856.3390082449965,1.05,1.0,5.0,10.0,10
0.0,815.56096023333,density,120,20290704,7200,3.0,0,856.3390082449965,1.05,282,281,8,54,60,0,0.0,0,False,0.0,100,improved_rl_isac,singlehop,False,856.3390082449965,1.05,1.0,5.0,10.0,10
0.0,815.56096023333,density,120,20290704,7200,3.0,0,856.3390082449965,1.05,284,283,15,88,60,0,0.0,0,False,0.0,100,improved_rl_isac,singlehop,False,856.3390082449965,1.05,1.0,5.0,10.0,10
0.0,815.56096023333,density,120,20290704,7200,3.0,0,856.3390082449965,1.05,294,293,45,77,60,0,0.0,0,False,0.0,100,improved_rl_isac,singlehop,False,856.3390082449965,1.05,1.0,5.0,10.0,10
0.0,815.56096023333,density,120,20290704,7200,3.0,0,856.3390082449965,1.05,296,295,47,97,60,0,0.0,0,False,0.0,100,improved_rl_isac,singlehop,False,856.3390082449965,1.05,1.0,5.0,10.0,10
0.0,815.56096023333,density,120,20290704,7200,3.0,0,856.3390082449965,1.05,305,304,60,80,60,0,0.0,0,False,0.0,100,improved_rl_isac,singlehop,False,856.3390082449965,1.05,1.0,5.0,10.0,10
0.0,815.56096023333,density,120,20290704,7200,3.0,0,856.3390082449965,1.05,308,307,39,89,60,0,0.0,0,False,0.0,100,improved_rl_isac,singlehop,False,856.3390082449965,1.05,1.0,5.0,10.0,10
0.0,815.56096023333,density,120,20290704,7200,3.0,0,856.3390082449965,1.05,316,315,39,97,60,0,0.0,0,False,0.0,100,improved_rl_isac,singlehop,False,856.3390082449965,1.05,1.0,5.0,10.0,10
0.0,815.56096023333,density,120,20290704,7200,3.0,0,856.3390082449965,1.05,329,328,22,79,60,0,0.0,0,False,0.0,100,improved_rl_isac,singlehop,False,856.3390082449965,1.05,1.0,5.0,10.0,10
0.0,815.56096023333,density,120,20290704,7200,3.0,0,856.3390082449965,1.05,330,329,59,98,60,0,0.0,0,False,0.0,100,improved_rl_isac,singlehop,False,856.3390082449965,1.05,1.0,5.0,10.0,10
0.0,815.56096023333,density,120,20290704,7200,3.0,0,856.3390082449965,1.05,345,344,12,14,60,0,0.0,0,False,0.0,100,improved_rl_isac,singlehop,False,856.3390082449965,1.05,1.0,5.0,10.0,10
0.0,815.56096023333,density,120,20290704,7200,3.0,0,856.3390082449965,1.05,368,367,28,57,60,0,0.0,0,False,0.0,100,improved_rl_isac,singlehop,False,856.3390082449965,1.05,1.0,5.0,10.0,10
0.0,815.56096023333,density,120,20290704,7200,3.0,0,856.3390082449965,1.05,371,370,5,86,60,0,0.0,0,False,0.0,100,improved_rl_isac,singlehop,False,856.3390082449965,1.05,1.0,5.0,10.0,10
0.0,815.56096023333,density,120,20290704,7200,3.0,0,856.3390082449965,1.05,391,390,25,79,60,0,0.0,0,False,0.0,100,improved_rl_isac,singlehop,False,856.3390082449965,1.05,1.0,5.0,10.0,10
0.0,815.56096023333,density,120,20290704,7200,3.0,0,856.3390082449965,1.05,418,417,43,44,60,0,0.0,0,False,0.0,100,improved_rl_isac,singlehop,False,856.3390082449965,1.05,1.0,5.0,10.0,10
0.0,815.56096023333,density,120,20290704,7200,3.0,0,856.3390082449965,1.05,418,417,49,83,60,0,0.0,0,False,0.0,100,improved_rl_isac,singlehop,False,856.3390082449965,1.05,1.0,5.0,10.0,10
0.0,815.56096023333,density,120,20290704,7200,3.0,0,856.3390082449965,1.05,419,418,86,88,60,0,0.0,0,False,0.0,100,improved_rl_isac,singlehop,False,856.3390082449965,1.05,1.0,5.0,10.0,10
0.0,815.56096023333,density,120,20290704,7200,3.0,0,856.3390082449965,1.05,423,422,19,92,60,0,0.0,0,False,0.0,100,improved_rl_isac,singlehop,False,856.3390082449965,1.05,1.0,5.0,10.0,10
0.0,815.56096023333,density,120,20290704,7200,3.0,0,856.3390082449965,1.05,428,427,12,28,60,0,0.0,0,False,0.0,100,improved_rl_isac,singlehop,False,856.3390082449965,1.05,1.0,5.0,10.0,10
0.0,815.56096023333,density,120,20290704,7200,3.0,0,856.3390082449965,1.05,433,432,8,30,60,0,0.0,0,False,0.0,100,improved_rl_isac,singlehop,False,856.3390082449965,1.05,1.0,5.0,10.0,10
0.0,815.56096023333,density,120,20290704,7200,3.0,0,856.3390082449965,1.05,437,436,51,98,60,0,0.0,0,False,0.0,100,improved_rl_isac,singlehop,False,856.3390082449965,1.05,1.0,5.0,10.0,10
0.0,815.56096023333,density,120,20290704,7200,3.0,0,856.3390082449965,1.05,439,438,5,7,60,0,0.0,0,False,0.0,100,improved_rl_isac,singlehop,False,856.3390082449965,1.05,1.0,5.0,10.0,10
0.0,815.56096023333,density,120,20290704,7200,3.0,0,856.3390082449965,1.05,442,441,59,87,60,0,0.0,0,False,0.0,100,improved_rl_isac,singlehop,False,856.3390082449965,1.05,1.0,5.0,10.0,10
0.0,815.56096023333,density,120,20290704,7200,3.0,0,856.3390082449965,1.05,449,448,25,82,60,0,0.0,0,False,0.0,100,improved_rl_isac,singlehop,False,856.3390082449965,1.05,1.0,5.0,10.0,10
0.0,815.56096023333,density,120,20290704,7200,3.0,0,856.3390082449965,1.05,453,452,15,55,60,0,0.0,0,False,0.0,100,improved_rl_isac,singlehop,False,856.3390082449965,1.05,1.0,5.0,10.0,10
0.0,815.56096023333,density,120,20290704,7200,3.0,0,856.3390082449965,1.05,463,462,14,70,60,0,0.0,0,False,0.0,100,improved_rl_isac,singlehop,False,856.3390082449965,1.05,1.0,5.0,10.0,10
0.0,815.56096023333,density,120,20290704,7200,3.0,0,856.3390082449965,1.05,487,486,72,77,60,0,0.0,0,False,0.0,100,improved_rl_isac,singlehop,False,856.3390082449965,1.05,1.0,5.0,10.0,10
0.0,815.56096023333,density,120,20290704,7200,3.0,0,856.3390082449965,1.05,526,525,45,97,60,0,0.0,0,False,0.0,100,improved_rl_isac,singlehop,False,856.3390082449965,1.05,1.0,5.0,10.0,10
0.0,815.56096023333,density,120,20290704,7200,3.0,0,856.3390082449965,1.05,531,530,13,26,60,0,0.0,0,False,0.0,100,improved_rl_isac,singlehop,False,856.3390082449965,1.05,1.0,5.0,10.0,10
0.0,815.56096023333,density,120,20290704,7200,3.0,0,856.3390082449965,1.05,533,532,38,89,60,0,0.0,0,False,0.0,100,improved_rl_isac,singlehop,False,856.3390082449965,1.05,1.0,5.0,10.0,10
0.0,815.56096023333,density,120,20290704,7200,3.0,0,856.3390082449965,1.05,551,550,0,24,60,0,0.0,0,False,0.0,100,improved_rl_isac,singlehop,False,856.3390082449965,1.05,1.0,5.0,10.0,10
0.0,815.56096023333,density,120,20290704,7200,3.0,0,856.3390082449965,1.05,560,559,36,91,60,0,0.0,0,False,0.0,100,improved_rl_isac,singlehop,False,856.3390082449965,1.05,1.0,5.0,10.0,10
0.0,815.56096023333,density,120,20290704,7200,3.0,0,856.3390082449965,1.05,572,571,42,72,60,0,0.0,0,False,0.0,100,improved_rl_isac,singlehop,False,856.3390082449965,1.05,1.0,5.0,10.0,10
0.0,815.56096023333,density,120,20290704,7200,3.0,0,856.3390082449965,1.05,577,576,6,33,60,0,0.0,0,False,0.0,100,improved_rl_isac,singlehop,False,856.3390082449965,1.05,1.0,5.0,10.0,10
0.0,815.56096023333,density,120,20290704,7200,3.0,0,856.3390082449965,1.05,592,591,54,89,60,0,0.0,0,False,0.0,100,improved_rl_isac,singlehop,False,856.3390082449965,1.05,1.0,5.0,10.0,10
0.0,815.56096023333,density,120,20290704,7200,3.0,0,856.3390082449965,1.05,593,592,36,57,60,0,0.0,0,False,0.0,100,improved_rl_isac,singlehop,False,856.3390082449965,1.05,1.0,5.0,10.0,10
0.0,815.56096023333,density,120,20290704,7200,3.0,0,856.3390082449965,1.05,596,595,23,59,60,0,0.0,0,False,0.0,100,improved_rl_isac,singlehop,False,856.3390082449965,1.05,1.0,5.0,10.0,10
0.0,815.56096023333,density,120,20291713,7200,3.0,1,856.3390082449965,1.05,14,13,0,9,60,0,0.0,0,False,0.0,100,improved_rl_isac,singlehop,False,856.3390082449965,1.05,1.0,5.0,10.0,10
0.0,815.56096023333,density,120,20291713,7200,3.0,1,856.3390082449965,1.05,32,31,23,89,60,0,0.0,0,False,0.0,100,improved_rl_isac,singlehop,False,856.3390082449965,1.05,1.0,5.0,10.0,10
0.0,815.56096023333,density,120,20291713,7200,3.0,1,856.3390082449965,1.05,37,36,10,19,60,0,0.0,0,False,0.0,100,improved_rl_isac,singlehop,False,856.3390082449965,1.05,1.0,5.0,10.0,10
0.0,815.56096023333,density,120,20291713,7200,3.0,1,856.3390082449965,1.05,49,48,63,81,60,0,0.0,0,False,0.0,100,improved_rl_isac,singlehop,False,856.3390082449965,1.05,1.0,5.0,10.0,10
0.0,815.56096023333,density,120,20291713,7200,3.0,1,856.3390082449965,1.05,61,60,32,68,60,0,0.0,0,False,0.0,100,improved_rl_isac,singlehop,False,856.3390082449965,1.05,1.0,5.0,10.0,10
0.0,815.56096023333,density,120,20291713,7200,3.0,1,856.3390082449965,1.05,68,67,38,77,60,0,0.0,0,False,0.0,100,improved_rl_isac,singlehop,False,856.3390082449965,1.05,1.0,5.0,10.0,10
0.0,815.56096023333,density,120,20291713,7200,3.0,1,856.3390082449965,1.05,96,95,31,39,60,0,0.0,0,False,0.0,100,improved_rl_isac,singlehop,False,856.3390082449965,1.05,1.0,5.0,10.0,10
0.0,815.56096023333,density,120,20291713,7200,3.0,1,856.3390082449965,1.05,105,104,77,97,60,0,0.0,0,False,0.0,100,improved_rl_isac,singlehop,False,856.3390082449965,1.05,1.0,5.0,10.0,10
0.0,815.56096023333,density,120,20291713,7200,3.0,1,856.3390082449965,1.05,118,117,53,92,60,0,0.0,0,False,0.0,100,improved_rl_isac,singlehop,False,856.3390082449965,1.05,1.0,5.0,10.0,10
0.0,815.56096023333,density,120,20291713,7200,3.0,1,856.3390082449965,1.05,127,126,51,97,60,0,0.0,0,False,0.0,100,improved_rl_isac,singlehop,False,856.3390082449965,1.05,1.0,5.0,10.0,10
0.0,815.56096023333,density,120,20291713,7200,3.0,1,856.3390082449965,1.05,137,136,7,94,60,0,0.0,0,False,0.0,100,improved_rl_isac,singlehop,False,856.3390082449965,1.05,1.0,5.0,10.0,10
0.0,815.56096023333,density,120,20291713,7200,3.0,1,856.3390082449965,1.05,147,146,9,32,60,0,0.0,0,False,0.0,100,improved_rl_isac,singlehop,False,856.3390082449965,1.05,1.0,5.0,10.0,10
0.0,815.56096023333,density,120,20291713,7200,3.0,1,856.3390082449965,1.05,152,151,35,76,60,0,0.0,0,False,0.0,100,improved_rl_isac,singlehop,False,856.3390082449965,1.05,1.0,5.0,10.0,10
0.0,815.56096023333,density,120,20291713,7200,3.0,1,856.3390082449965,1.05,160,159,54,68,60,0,0.0,0,False,0.0,100,improved_rl_isac,singlehop,False,856.3390082449965,1.05,1.0,5.0,10.0,10
0.0,815.56096023333,density,120,20291713,7200,3.0,1,856.3390082449965,1.05,163,162,6,28,60,0,0.0,0,False,0.0,100,improved_rl_isac,singlehop,False,856.3390082449965,1.05,1.0,5.0,10.0,10
0.0,815.56096023333,density,120,20291713,7200,3.0,1,856.3390082449965,1.05,171,170,16,57,60,0,0.0,0,False,0.0,100,improved_rl_isac,singlehop,False,856.3390082449965,1.05,1.0,5.0,10.0,10
0.0,815.56096023333,density,120,20291713,7200,3.0,1,856.3390082449965,1.05,171,170,32,47,60,0,0.0,0,False,0.0,100,improved_rl_isac,singlehop,False,856.3390082449965,1.05,1.0,5.0,10.0,10
0.0,815.56096023333,density,120,20291713,7200,3.0,1,856.3390082449965,1.05,180,179,13,81,60,0,0.0,0,False,0.0,100,improved_rl_isac,singlehop,False,856.3390082449965,1.05,1.0,5.0,10.0,10
0.0,815.56096023333,density,120,20291713,7200,3.0,1,856.3390082449965,1.05,194,193,28,98,60,0,0.0,0,False,0.0,100,improved_rl_isac,singlehop,False,856.3390082449965,1.05,1.0,5.0,10.0,10
0.0,815.56096023333,density,120,20291713,7200,3.0,1,856.3390082449965,1.05,199,198,77,92,60,0,0.0,0,False,0.0,100,improved_rl_isac,singlehop,False,856.3390082449965,1.05,1.0,5.0,10.0,10
0.0,815.56096023333,density,120,20291713,7200,3.0,1,856.3390082449965,1.05,200,199,91,92,60,0,0.0,0,False,0.0,100,improved_rl_isac,singlehop,False,856.3390082449965,1.05,1.0,5.0,10.0,10
0.0,815.56096023333,density,120,20291713,7200,3.0,1,856.3390082449965,1.05,202,201,51,66,60,0,0.0,0,False,0.0,100,improved_rl_isac,singlehop,False,856.3390082449965,1.05,1.0,5.0,10.0,10
0.0,815.56096023333,density,120,20291713,7200,3.0,1,856.3390082449965,1.05,208,207,6,84,60,0,0.0,0,False,0.0,100,improved_rl_isac,singlehop,False,856.3390082449965,1.05,1.0,5.0,10.0,10
0.0,815.56096023333,density,120,20291713,7200,3.0,1,856.3390082449965,1.05,229,228,64,78,60,0,0.0,0,False,0.0,100,improved_rl_isac,singlehop,False,856.3390082449965,1.05,1.0,5.0,10.0,10
0.0,815.56096023333,density,120,20291713,7200,3.0,1,856.3390082449965,1.05,250,249,0,52,60,0,0.0,0,False,0.0,100,improved_rl_isac,singlehop,False,856.3390082449965,1.05,1.0,5.0,10.0,10
0.0,815.56096023333,density,120,20291713,7200,3.0,1,856.3390082449965,1.05,258,257,50,97,60,0,0.0,0,False,0.0,100,improved_rl_isac,singlehop,False,856.3390082449965,1.05,1.0,5.0,10.0,10
0.0,815.56096023333,density,120,20291713,7200,3.0,1,856.3390082449965,1.05,274,273,47,58,60,0,0.0,0,False,0.0,100,improved_rl_isac,singlehop,False,856.3390082449965,1.05,1.0,5.0,10.0,10
0.0,815.56096023333,density,120,20291713,7200,3.0,1,856.3390082449965,1.05,276,275,26,33,60,0,0.0,0,False,0.0,100,improved_rl_isac,singlehop,False,856.3390082449965,1.05,1.0,5.0,10.0,10
0.0,815.56096023333,density,120,20291713,7200,3.0,1,856.3390082449965,1.05,277,276,32,54,60,0,0.0,0,False,0.0,100,improved_rl_isac,singlehop,False,856.3390082449965,1.05,1.0,5.0,10.0,10
0.0,815.56096023333,density,120,20291713,7200,3.0,1,856.3390082449965,1.05,280,279,35,53,60,0,0.0,0,False,0.0,100,improved_rl_isac,singlehop,False,856.3390082449965,1.05,1.0,5.0,10.0,10
0.0,815.56096023333,density,120,20291713,7200,3.0,1,856.3390082449965,1.05,295,294,12,56,60,0,0.0,0,False,0.0,100,improved_rl_isac,singlehop,False,856.3390082449965,1.05,1.0,5.0,10.0,10
0.0,815.56096023333,density,120,20291713,7200,3.0,1,856.3390082449965,1.05,295,294,44,97,60,0,0.0,0,False,0.0,100,improved_rl_isac,singlehop,False,856.3390082449965,1.05,1.0,5.0,10.0,10
0.0,815.56096023333,density,120,20291713,7200,3.0,1,856.3390082449965,1.05,307,306,35,39,60,0,0.0,0,False,0.0,100,improved_rl_isac,singlehop,False,856.3390082449965,1.05,1.0,5.0,10.0,10
0.0,815.56096023333,density,120,20291713,7200,3.0,1,856.3390082449965,1.05,308,307,10,44,60,0,0.0,0,False,0.0,100,improved_rl_isac,singlehop,False,856.3390082449965,1.05,1.0,5.0,10.0,10
0.0,815.56096023333,density,120,20291713,7200,3.0,1,856.3390082449965,1.05,309,308,6,95,60,0,0.0,0,False,0.0,100,improved_rl_isac,singlehop,False,856.3390082449965,1.05,1.0,5.0,10.0,10
0.0,815.56096023333,density,120,20291713,7200,3.0,1,856.3390082449965,1.05,328,327,0,33,60,0,0.0,0,False,0.0,100,improved_rl_isac,singlehop,False,856.3390082449965,1.05,1.0,5.0,10.0,10
0.0,815.56096023333,density,120,20291713,7200,3.0,1,856.3390082449965,1.05,356,355,21,81,60,0,0.0,0,False,0.0,100,improved_rl_isac,singlehop,False,856.3390082449965,1.05,1.0,5.0,10.0,10
0.0,815.56096023333,density,120,20291713,7200,3.0,1,856.3390082449965,1.05,357,356,23,87,60,0,0.0,0,False,0.0,100,improved_rl_isac,singlehop,False,856.3390082449965,1.05,1.0,5.0,10.0,10
0.0,815.56096023333,density,120,20291713,7200,3.0,1,856.3390082449965,1.05,372,371,14,73,60,0,0.0,0,False,0.0,100,improved_rl_isac,singlehop,False,856.3390082449965,1.05,1.0,5.0,10.0,10
0.0,815.56096023333,density,120,20291713,7200,3.0,1,856.3390082449965,1.05,379,378,73,93,60,0,0.0,0,False,0.0,100,improved_rl_isac,singlehop,False,856.3390082449965,1.05,1.0,5.0,10.0,10
0.0,815.56096023333,density,120,20291713,7200,3.0,1,856.3390082449965,1.05,387,386,6,99,60,0,0.0,0,False,0.0,100,improved_rl_isac,singlehop,False,856.3390082449965,1.05,1.0,5.0,10.0,10
0.0,815.56096023333,density,120,20291713,7200,3.0,1,856.3390082449965,1.05,389,388,21,38,60,0,0.0,0,False,0.0,100,improved_rl_isac,singlehop,False,856.3390082449965,1.05,1.0,5.0,10.0,10
0.0,815.56096023333,density,120,20291713,7200,3.0,1,856.3390082449965,1.05,391,390,37,44,60,0,0.0,0,False,0.0,100,improved_rl_isac,singlehop,False,856.3390082449965,1.05,1.0,5.0,10.0,10
0.0,815.56096023333,density,120,20291713,7200,3.0,1,856.3390082449965,1.05,407,406,10,54,60,0,0.0,0,False,0.0,100,improved_rl_isac,singlehop,False,856.3390082449965,1.05,1.0,5.0,10.0,10
0.0,815.56096023333,density,120,20291713,7200,3.0,1,856.3390082449965,1.05,442,441,76,98,60,0,0.0,0,False,0.0,100,improved_rl_isac,singlehop,False,856.3390082449965,1.05,1.0,5.0,10.0,10
0.0,815.56096023333,density,120,20291713,7200,3.0,1,856.3390082449965,1.05,443,442,4,46,60,0,0.0,0,False,0.0,100,improved_rl_isac,singlehop,False,856.3390082449965,1.05,1.0,5.0,10.0,10
0.0,815.56096023333,density,120,20291713,7200,3.0,1,856.3390082449965,1.05,454,453,57,96,60,0,0.0,0,False,0.0,100,improved_rl_isac,singlehop,False,856.3390082449965,1.05,1.0,5.0,10.0,10
0.0,815.56096023333,density,120,20291713,7200,3.0,1,856.3390082449965,1.05,458,457,42,55,60,0,0.0,0,False,0.0,100,improved_rl_isac,singlehop,False,856.3390082449965,1.05,1.0,5.0,10.0,10
0.0,815.56096023333,density,120,20291713,7200,3.0,1,856.3390082449965,1.05,461,460,26,29,60,0,0.0,0,False,0.0,100,improved_rl_isac,singlehop,False,856.3390082449965,1.05,1.0,5.0,10.0,10
0.0,815.56096023333,density,120,20291713,7200,3.0,1,856.3390082449965,1.05,464,463,44,64,60,0,0.0,0,False,0.0,100,improved_rl_isac,singlehop,False,856.3390082449965,1.05,1.0,5.0,10.0,10
0.0,815.56096023333,density,120,20291713,7200,3.0,1,856.3390082449965,1.05,474,473,47,48,60,0,0.0,0,False,0.0,100,improved_rl_isac,singlehop,False,856.3390082449965,1.05,1.0,5.0,10.0,10
0.0,815.56096023333,density,120,20291713,7200,3.0,1,856.3390082449965,1.05,485,484,44,76,60,0,0.0,0,False,0.0,100,improved_rl_isac,singlehop,False,856.3390082449965,1.05,1.0,5.0,10.0,10
0.0,815.56096023333,density,120,20291713,7200,3.0,1,856.3390082449965,1.05,501,500,37,90,60,0,0.0,0,False,0.0,100,improved_rl_isac,singlehop,False,856.3390082449965,1.05,1.0,5.0,10.0,10
0.0,815.56096023333,density,120,20291713,7200,3.0,1,856.3390082449965,1.05,505,504,19,68,60,0,0.0,0,False,0.0,100,improved_rl_isac,singlehop,False,856.3390082449965,1.05,1.0,5.0,10.0,10
0.0,815.56096023333,density,120,20291713,7200,3.0,1,856.3390082449965,1.05,511,510,4,65,60,0,0.0,0,False,0.0,100,improved_rl_isac,singlehop,False,856.3390082449965,1.05,1.0,5.0,10.0,10
0.0,815.56096023333,density,120,20291713,7200,3.0,1,856.3390082449965,1.05,511,510,26,76,60,0,0.0,0,False,0.0,100,improved_rl_isac,singlehop,False,856.3390082449965,1.05,1.0,5.0,10.0,10
0.0,815.56096023333,density,120,20291713,7200,3.0,1,856.3390082449965,1.05,514,513,16,34,60,0,0.0,0,False,0.0,100,improved_rl_isac,singlehop,False,856.3390082449965,1.05,1.0,5.0,10.0,10
0.0,815.56096023333,density,120,20291713,7200,3.0,1,856.3390082449965,1.05,516,515,14,81,60,0,0.0,0,False,0.0,100,improved_rl_isac,singlehop,False,856.3390082449965,1.05,1.0,5.0,10.0,10
0.0,815.56096023333,density,120,20291713,7200,3.0,1,856.3390082449965,1.05,516,515,27,45,60,0,0.0,0,False,0.0,100,improved_rl_isac,singlehop,False,856.3390082449965,1.05,1.0,5.0,10.0,10
0.0,815.56096023333,density,120,20291713,7200,3.0,1,856.3390082449965,1.05,523,522,30,41,60,0,0.0,0,False,0.0,100,improved_rl_isac,singlehop,False,856.3390082449965,1.05,1.0,5.0,10.0,10
0.0,815.56096023333,density,120,20291713,7200,3.0,1,856.3390082449965,1.05,543,542,3,41,60,0,0.0,0,False,0.0,100,improved_rl_isac,singlehop,False,856.3390082449965,1.05,1.0,5.0,10.0,10
0.0,815.56096023333,density,120,20291713,7200,3.0,1,856.3390082449965,1.05,573,572,26,79,60,0,0.0,0,False,0.0,100,improved_rl_isac,singlehop,False,856.3390082449965,1.05,1.0,5.0,10.0,10
0.0,815.56096023333,density,120,20291713,7200,3.0,1,856.3390082449965,1.05,586,585,62,72,60,0,0.0,0,False,0.0,100,improved_rl_isac,singlehop,False,856.3390082449965,1.05,1.0,5.0,10.0,10
0.0,815.56096023333,density,120,20291713,7200,3.0,1,856.3390082449965,1.05,588,587,36,53,60,0,0.0,0,False,0.0,100,improved_rl_isac,singlehop,False,856.3390082449965,1.05,1.0,5.0,10.0,10
0.0,815.56096023333,density,120,20291713,7200,3.0,1,856.3390082449965,1.05,598,597,34,67,60,0,0.0,0,False,0.0,100,improved_rl_isac,singlehop,False,856.3390082449965,1.05,1.0,5.0,10.0,10
0.0,815.56096023333,density,120,20292722,7200,3.0,2,856.3390082449965,1.05,9,8,65,72,60,0,0.0,0,False,0.0,100,rl_no_isac,singlehop,False,856.3390082449965,1.05,1.0,5.0,10.0,10
0.0,815.56096023333,density,120,20292722,7200,3.0,2,856.3390082449965,1.05,27,26,89,94,60,0,0.0,0,False,0.0,100,improved_rl_isac,singlehop,False,856.3390082449965,1.05,1.0,5.0,10.0,10
0.0,815.56096023333,density,120,20292722,7200,3.0,2,856.3390082449965,1.05,41,40,55,97,60,0,0.0,0,False,0.0,100,improved_rl_isac,singlehop,False,856.3390082449965,1.05,1.0,5.0,10.0,10
0.0,815.56096023333,density,120,20292722,7200,3.0,2,856.3390082449965,1.05,45,44,35,79,60,0,0.0,0,False,0.0,100,improved_rl_isac,singlehop,False,856.3390082449965,1.05,1.0,5.0,10.0,10
0.0,815.56096023333,density,120,20292722,7200,3.0,2,856.3390082449965,1.05,57,56,65,66,60,0,0.0,0,False,0.0,100,improved_rl_isac,singlehop,False,856.3390082449965,1.05,1.0,5.0,10.0,10
0.0,815.56096023333,density,120,20292722,7200,3.0,2,856.3390082449965,1.05,58,57,20,25,60,0,0.0,0,False,0.0,100,improved_rl_isac,singlehop,False,856.3390082449965,1.05,1.0,5.0,10.0,10
0.0,815.56096023333,density,120,20292722,7200,3.0,2,856.3390082449965,1.05,73,72,95,98,60,0,0.0,0,False,0.0,100,improved_rl_isac,singlehop,False,856.3390082449965,1.05,1.0,5.0,10.0,10
0.0,815.56096023333,density,120,20292722,7200,3.0,2,856.3390082449965,1.05,85,84,55,88,60,0,0.0,0,False,0.0,100,improved_rl_isac,singlehop,False,856.3390082449965,1.05,1.0,5.0,10.0,10
0.0,815.56096023333,density,120,20292722,7200,3.0,2,856.3390082449965,1.05,99,98,9,52,60,0,0.0,0,False,0.0,100,improved_rl_isac,singlehop,False,856.3390082449965,1.05,1.0,5.0,10.0,10
0.0,815.56096023333,density,120,20292722,7200,3.0,2,856.3390082449965,1.05,101,100,38,54,60,0,0.0,0,False,0.0,100,improved_rl_isac,singlehop,False,856.3390082449965,1.05,1.0,5.0,10.0,10
0.0,815.56096023333,density,120,20292722,7200,3.0,2,856.3390082449965,1.05,117,116,38,70,60,0,0.0,0,False,0.0,100,improved_rl_isac,singlehop,False,856.3390082449965,1.05,1.0,5.0,10.0,10
0.0,815.56096023333,density,120,20292722,7200,3.0,2,856.3390082449965,1.05,121,120,5,27,60,0,0.0,0,False,0.0,100,improved_rl_isac,singlehop,False,856.3390082449965,1.05,1.0,5.0,10.0,10
0.0,815.56096023333,density,120,20292722,7200,3.0,2,856.3390082449965,1.05,137,136,6,40,60,0,0.0,0,False,0.0,100,improved_rl_isac,singlehop,False,856.3390082449965,1.05,1.0,5.0,10.0,10
0.0,815.56096023333,density,120,20292722,7200,3.0,2,856.3390082449965,1.05,138,137,53,84,60,0,0.0,0,False,0.0,100,improved_rl_isac,singlehop,False,856.3390082449965,1.05,1.0,5.0,10.0,10
0.0,815.56096023333,density,120,20292722,7200,3.0,2,856.3390082449965,1.05,154,153,45,69,60,0,0.0,0,False,0.0,100,improved_rl_isac,singlehop,False,856.3390082449965,1.05,1.0,5.0,10.0,10
0.0,815.56096023333,density,120,20292722,7200,3.0,2,856.3390082449965,1.05,167,166,32,44,60,0,0.0,0,False,0.0,100,improved_rl_isac,singlehop,False,856.3390082449965,1.05,1.0,5.0,10.0,10
0.0,815.56096023333,density,120,20292722,7200,3.0,2,856.3390082449965,1.05,171,170,28,67,60,0,0.0,0,False,0.0,100,improved_rl_isac,singlehop,False,856.3390082449965,1.05,1.0,5.0,10.0,10
0.0,815.56096023333,density,120,20292722,7200,3.0,2,856.3390082449965,1.05,175,174,28,69,60,0,0.0,0,False,0.0,100,improved_rl_isac,singlehop,False,856.3390082449965,1.05,1.0,5.0,10.0,10
0.0,815.56096023333,density,120,20292722,7200,3.0,2,856.3390082449965,1.05,183,182,55,66,60,0,0.0,0,False,0.0,100,improved_rl_isac,singlehop,False,856.3390082449965,1.05,1.0,5.0,10.0,10
0.0,815.56096023333,density,120,20292722,7200,3.0,2,856.3390082449965,1.05,184,183,12,57,60,0,0.0,0,False,0.0,100,improved_rl_isac,singlehop,False,856.3390082449965,1.05,1.0,5.0,10.0,10
0.0,815.56096023333,density,120,20292722,7200,3.0,2,856.3390082449965,1.05,186,185,25,57,60,0,0.0,0,False,0.0,100,improved_rl_isac,singlehop,False,856.3390082449965,1.05,1.0,5.0,10.0,10
0.0,815.56096023333,density,120,20292722,7200,3.0,2,856.3390082449965,1.05,199,198,35,57,60,0,0.0,0,False,0.0,100,improved_rl_isac,singlehop,False,856.3390082449965,1.05,1.0,5.0,10.0,10
0.0,815.56096023333,density,120,20292722,7200,3.0,2,856.3390082449965,1.05,222,221,7,59,60,0,0.0,0,False,0.0,100,improved_rl_isac,singlehop,False,856.3390082449965,1.05,1.0,5.0,10.0,10
0.0,815.56096023333,density,120,20292722,7200,3.0,2,856.3390082449965,1.05,223,222,7,68,60,0,0.0,0,False,0.0,100,improved_rl_isac,singlehop,False,856.3390082449965,1.05,1.0,5.0,10.0,10
0.0,815.56096023333,density,120,20292722,7200,3.0,2,856.3390082449965,1.05,225,224,77,82,60,0,0.0,0,False,0.0,100,improved_rl_isac,singlehop,False,856.3390082449965,1.05,1.0,5.0,10.0,10
0.0,815.56096023333,density,120,20292722,7200,3.0,2,856.3390082449965,1.05,226,225,28,57,60,0,0.0,0,False,0.0,100,improved_rl_isac,singlehop,False,856.3390082449965,1.05,1.0,5.0,10.0,10
0.0,815.56096023333,density,120,20292722,7200,3.0,2,856.3390082449965,1.05,237,236,52,76,60,0,0.0,0,False,0.0,100,improved_rl_isac,singlehop,False,856.3390082449965,1.05,1.0,5.0,10.0,10
0.0,815.56096023333,density,120,20292722,7200,3.0,2,856.3390082449965,1.05,243,242,77,90,60,0,0.0,0,False,0.0,100,improved_rl_isac,singlehop,False,856.3390082449965,1.05,1.0,5.0,10.0,10
0.0,815.56096023333,density,120,20292722,7200,3.0,2,856.3390082449965,1.05,248,247,42,56,60,0,0.0,0,False,0.0,100,improved_rl_isac,singlehop,False,856.3390082449965,1.05,1.0,5.0,10.0,10
0.0,815.56096023333,density,120,20292722,7200,3.0,2,856.3390082449965,1.05,257,256,0,63,60,0,0.0,0,False,0.0,100,improved_rl_isac,singlehop,False,856.3390082449965,1.05,1.0,5.0,10.0,10
0.0,815.56096023333,density,120,20292722,7200,3.0,2,856.3390082449965,1.05,277,276,38,88,60,0,0.0,0,False,0.0,100,improved_rl_isac,singlehop,False,856.3390082449965,1.05,1.0,5.0,10.0,10
0.0,815.56096023333,density,120,20292722,7200,3.0,2,856.3390082449965,1.05,297,296,30,84,60,0,0.0,0,False,0.0,100,improved_rl_isac,singlehop,False,856.3390082449965,1.05,1.0,5.0,10.0,10
0.0,815.56096023333,density,120,20292722,7200,3.0,2,856.3390082449965,1.05,299,298,8,51,60,0,0.0,0,False,0.0,100,improved_rl_isac,singlehop,False,856.3390082449965,1.05,1.0,5.0,10.0,10
0.0,815.56096023333,density,120,20292722,7200,3.0,2,856.3390082449965,1.05,304,303,57,99,60,0,0.0,0,False,0.0,100,improved_rl_isac,singlehop,False,856.3390082449965,1.05,1.0,5.0,10.0,10
0.0,815.56096023333,density,120,20292722,7200,3.0,2,856.3390082449965,1.05,307,306,0,95,60,0,0.0,0,False,0.0,100,improved_rl_isac,singlehop,False,856.3390082449965,1.05,1.0,5.0,10.0,10
0.0,815.56096023333,density,120,20292722,7200,3.0,2,856.3390082449965,1.05,315,314,37,72,60,0,0.0,0,False,0.0,100,improved_rl_isac,singlehop,False,856.3390082449965,1.05,1.0,5.0,10.0,10
0.0,815.56096023333,density,120,20292722,7200,3.0,2,856.3390082449965,1.05,319,318,46,62,60,0,0.0,0,False,0.0,100,improved_rl_isac,singlehop,False,856.3390082449965,1.05,1.0,5.0,10.0,10
0.0,815.56096023333,density,120,20292722,7200,3.0,2,856.3390082449965,1.05,324,323,27,59,60,0,0.0,0,False,0.0,100,improved_rl_isac,singlehop,False,856.3390082449965,1.05,1.0,5.0,10.0,10
0.0,815.56096023333,density,120,20292722,7200,3.0,2,856.3390082449965,1.05,328,327,69,97,60,0,0.0,0,False,0.0,100,improved_rl_isac,singlehop,False,856.3390082449965,1.05,1.0,5.0,10.0,10
0.0,815.56096023333,density,120,20292722,7200,3.0,2,856.3390082449965,1.05,359,358,37,52,60,0,0.0,0,False,0.0,100,improved_rl_isac,singlehop,False,856.3390082449965,1.05,1.0,5.0,10.0,10
0.0,815.56096023333,density,120,20292722,7200,3.0,2,856.3390082449965,1.05,372,371,4,53,60,0,0.0,0,False,0.0,100,improved_rl_isac,singlehop,False,856.3390082449965,1.05,1.0,5.0,10.0,10
0.0,815.56096023333,density,120,20292722,7200,3.0,2,856.3390082449965,1.05,384,383,52,84,60,0,0.0,0,False,0.0,100,improved_rl_isac,singlehop,False,856.3390082449965,1.05,1.0,5.0,10.0,10
0.0,815.56096023333,density,120,20292722,7200,3.0,2,856.3390082449965,1.05,389,388,9,24,60,0,0.0,0,False,0.0,100,improved_rl_isac,singlehop,False,856.3390082449965,1.05,1.0,5.0,10.0,10
0.0,815.56096023333,density,120,20292722,7200,3.0,2,856.3390082449965,1.05,390,389,27,64,60,0,0.0,0,False,0.0,100,improved_rl_isac,singlehop,False,856.3390082449965,1.05,1.0,5.0,10.0,10
0.0,815.56096023333,density,120,20292722,7200,3.0,2,856.3390082449965,1.05,400,399,17,75,60,0,0.0,0,False,0.0,100,improved_rl_isac,singlehop,False,856.3390082449965,1.05,1.0,5.0,10.0,10
0.0,815.56096023333,density,120,20292722,7200,3.0,2,856.3390082449965,1.05,406,405,28,43,60,0,0.0,0,False,0.0,100,improved_rl_isac,singlehop,False,856.3390082449965,1.05,1.0,5.0,10.0,10
0.0,815.56096023333,density,120,20292722,7200,3.0,2,856.3390082449965,1.05,408,407,1,72,60,0,0.0,0,False,0.0,100,improved_rl_isac,singlehop,False,856.3390082449965,1.05,1.0,5.0,10.0,10
0.0,815.56096023333,density,120,20292722,7200,3.0,2,856.3390082449965,1.05,418,417,25,96,60,0,0.0,0,False,0.0,100,improved_rl_isac,singlehop,False,856.3390082449965,1.05,1.0,5.0,10.0,10
0.0,815.56096023333,density,120,20292722,7200,3.0,2,856.3390082449965,1.05,429,428,76,96,60,0,0.0,0,False,0.0,100,improved_rl_isac,singlehop,False,856.3390082449965,1.05,1.0,5.0,10.0,10
0.0,815.56096023333,density,120,20292722,7200,3.0,2,856.3390082449965,1.05,442,441,9,55,60,0,0.0,0,False,0.0,100,improved_rl_isac,singlehop,False,856.3390082449965,1.05,1.0,5.0,10.0,10
0.0,815.56096023333,density,120,20292722,7200,3.0,2,856.3390082449965,1.05,447,446,17,62,60,0,0.0,0,False,0.0,100,improved_rl_isac,singlehop,False,856.3390082449965,1.05,1.0,5.0,10.0,10
0.0,815.56096023333,density,120,20292722,7200,3.0,2,856.3390082449965,1.05,462,461,0,28,60,0,0.0,0,False,0.0,100,improved_rl_isac,singlehop,False,856.3390082449965,1.05,1.0,5.0,10.0,10
0.0,815.56096023333,density,120,20292722,7200,3.0,2,856.3390082449965,1.05,468,467,7,77,60,0,0.0,0,False,0.0,100,improved_rl_isac,singlehop,False,856.3390082449965,1.05,1.0,5.0,10.0,10
0.0,815.56096023333,density,120,20292722,7200,3.0,2,856.3390082449965,1.05,478,477,39,62,60,0,0.0,0,False,0.0,100,improved_rl_isac,singlehop,False,856.3390082449965,1.05,1.0,5.0,10.0,10
0.0,815.56096023333,density,120,20292722,7200,3.0,2,856.3390082449965,1.05,486,485,10,31,60,0,0.0,0,False,0.0,100,improved_rl_isac,singlehop,False,856.3390082449965,1.05,1.0,5.0,10.0,10
0.0,815.56096023333,density,120,20292722,7200,3.0,2,856.3390082449965,1.05,498,497,4,30,60,0,0.0,0,False,0.0,100,improved_rl_isac,singlehop,False,856.3390082449965,1.05,1.0,5.0,10.0,10
0.0,815.56096023333,density,120,20292722,7200,3.0,2,856.3390082449965,1.05,518,517,6,48,60,0,0.0,0,False,0.0,100,improved_rl_isac,singlehop,False,856.3390082449965,1.05,1.0,5.0,10.0,10
0.0,815.56096023333,density,120,20292722,7200,3.0,2,856.3390082449965,1.05,525,524,52,58,60,0,0.0,0,False,0.0,100,improved_rl_isac,singlehop,False,856.3390082449965,1.05,1.0,5.0,10.0,10
0.0,815.56096023333,density,120,20292722,7200,3.0,2,856.3390082449965,1.05,525,524,26,69,60,0,0.0,0,False,0.0,100,improved_rl_isac,singlehop,False,856.3390082449965,1.05,1.0,5.0,10.0,10
0.0,815.56096023333,density,120,20292722,7200,3.0,2,856.3390082449965,1.05,543,542,52,97,60,0,0.0,0,False,0.0,100,improved_rl_isac,singlehop,False,856.3390082449965,1.05,1.0,5.0,10.0,10
0.0,815.56096023333,density,120,20292722,7200,3.0,2,856.3390082449965,1.05,589,588,9,15,60,0,0.0,0,False,0.0,100,improved_rl_isac,singlehop,False,856.3390082449965,1.05,1.0,5.0,10.0,10
0.0,815.56096023333,density,120,20292722,7200,3.0,2,856.3390082449965,1.05,598,597,0,13,60,0,0.0,0,False,0.0,100,improved_rl_isac,singlehop,False,856.3390082449965,1.05,1.0,5.0,10.0,10
