access_gate_aggressive_count,access_gate_aggressive_ratio,access_gate_backoff_count,access_gate_backoff_ratio,access_gate_normal_count,access_gate_normal_ratio,access_gate_total,beamwidth_deg,collision_count,collision_normalized_efficiency,collision_penalized_discovery_rate,collisions_per_discovery_censored,connected_components,discovered_edges,discoveries_per_1000_scan_actions,discoveries_per_joule,discovery_per_scan_action,discovery_rate,empty_scan_count,empty_scan_ratio,energy_j,energy_per_discovery_censored_j,env_protocol,episode,episode_return_mean_per_agent,episode_return_sum,eval_episode,finite_time_discovery_rate,idle_actions,isolated_node_ratio,lambda2,largest_component_size,lcc_ratio,mean_delay_censored,mean_discovery_delay,mean_sensing_pd,mean_sensing_snr_db,method,method_key,mobility_model,moved_distance_mean_m,node_count,p90_delay_censored,p90_discovery_delay,p95_delay_censored,p95_discovery_delay,p99_delay_censored,p99_discovery_delay,phase,piggyback_sense_actions,policy_seed,protocol,run,rx_actions,scan_actions,scan_actions_per_discovery_censored,scenario_seed,seed,sense_actions,sensing_detection_rate,sensing_false_alarm_ratio,sensing_miss_ratio,sensing_observations,sensing_target_observations,slots,source_type,step_reward_mean,true_edges_seen,tx_actions
21336,0.07112,37046,0.12348666666666666,241618,0.8053933333333333,300000,10,100895,0.012276184788886823,0.011847512872596722,80.4585326953748,1,1254,4.628843527370714,0.99284227227868,0.004628843527370714,0.25333333333333335,1177,0.004344616293233915,1263.0404999999998,1.0072093301435405,improved_rl_isac,0,-190.95738220214844,-19095.73828125,0,,27058,0.0,12.894299391457283,100,1.0,2473.660202020202,,0.0,0.0,BC-MARL+gate,bc_notable_gate,gauss_markov,8.750619243114308,100,3000.0,,3000.0,,3000.0,,eval_stochastic,270910,,improved_rl_isac,bc_notable_gate_N100_B10_3000slot_stochastic,190688,270910,216.03668261562999,30260705,30260705,2032,0.0,0.0,0.0,0,0,3000,marl,-0.06365246325731277,4950,80222
21440,0.07146666666666666,36924,0.12308,241636,0.8054533333333334,300000,10,125139,0.010782352987676182,0.010485129411402963,91.74413489736071,1,1364,5.074725708099099,1.089032824678889,0.005074725708099099,0.27555555555555555,1498,0.005573269142765726,1252.4875,0.9182459677419355,improved_rl_isac,1,-204.32728576660156,-20432.728515625,1,,28902,0.0,15.18409364609997,100,1.0,2409.402626262626,,0.0,0.0,BC-MARL+gate,bc_notable_gate,gauss_markov,8.914099994555125,100,3000.0,,3000.0,,3000.0,,eval_stochastic,268783,,improved_rl_isac,bc_notable_gate_N100_B10_3000slot_stochastic,190663,268783,197.0549853372434,30260706,30260706,2315,0.0,0.0,0.0,0,0,3000,marl,-0.06810909509658813,4950,78120
21415,0.07138333333333333,36813,0.12271,241772,0.8059066666666667,300000,10,121312,0.010085843914221366,0.009789168554276029,98.14886731391586,1,1236,4.607590595445345,0.9866619036547801,0.004607590595445345,0.2496969696969697,1501,0.005595463983627397,1252.70875,1.0135184061488673,improved_rl_isac,2,-206.20130920410156,-20620.12890625,2,,29467,0.0,11.936777616769696,100,1.0,2462.0165656565655,,0.0,0.0,BC-MARL+gate,bc_notable_gate,gauss_markov,8.878948161327196,100,3000.0,,3000.0,,3000.0,,eval_stochastic,268253,,improved_rl_isac,bc_notable_gate_N100_B10_3000slot_stochastic,188928,268253,217.0331715210356,30260707,30260707,2280,0.0,0.0,0.0,0,0,3000,marl,-0.06873376667499542,4950,79325
10558,0.07038666666666667,18477,0.12318,120965,0.8064333333333333,150000,10,47874,0.008018897246223658,0.00788203425731685,123.70542635658914,1,387,2.826880934989043,0.6076710222965803,0.002826880934989043,0.3159183673469388,788,0.005756026296566837,636.85775,1.6456272609819123,improved_rl_isac,0,-210.05877685546875,-10502.9384765625,0,,12135,0.0,2.7608228673434603,50,1.0,2291.692244897959,,0.0,0.0,BC-MARL+gate,bc_notable_gate,gauss_markov,8.961439163199403,50,3000.0,,3000.0,,3000.0,,eval_stochastic,136900,,improved_rl_isac,bc_notable_gate_N50_B10_3000slot_stochastic,96683,136900,353.7467700258398,30260705,30260705,965,0.0,0.0,0.0,0,0,3000,marl,-0.07001958787441254,1225,40217
10580,0.07053333333333334,18525,0.1235,120895,0.8059666666666667,150000,10,47481,0.009533146981517793,0.009382827577711165,103.89715536105032,1,457,3.343869815904235,0.719993162428173,0.003343869815904235,0.3730612244897959,743,0.005436532326513888,634.72825,1.3889020787746171,improved_rl_isac,1,-206.0504913330078,-10302.525390625,1,,12385,0.0,9.06820629803449,50,1.0,2203.7885714285712,,0.0,0.0,BC-MARL+gate,bc_notable_gate,gauss_markov,9.827045956246618,50,3000.0,,3000.0,,3000.0,,eval_stochastic,136668,,improved_rl_isac,bc_notable_gate_N50_B10_3000slot_stochastic,97029,136668,299.05470459518597,30260706,30260706,947,0.0,0.0,0.0,0,0,3000,marl,-0.06868350505828857,1225,39639
10637,0.07091333333333333,18330,0.1222,121033,0.8068866666666666,150000,10,38373,0.009319977280941808,0.009116622051618768,106.29639889196676,1,361,2.623603712290239,0.5632633700936795,0.002623603712290239,0.2946938775510204,783,0.005690531043554729,640.908,1.7753684210526317,improved_rl_isac,2,-197.84262084960938,-9892.130859375,2,,11584,0.0,5.63231195290694,50,1.0,2360.3771428571426,,0.0,0.0,BC-MARL+gate,bc_notable_gate,gauss_markov,9.745028443464806,50,3000.0,,3000.0,,3000.0,,eval_stochastic,137597,,improved_rl_isac,bc_notable_gate_N50_B10_3000slot_stochastic,96242,137597,381.1551246537396,30260707,30260707,819,0.0,0.0,0.0,0,0,3000,marl,-0.06594754010438919,1225,41355
0,0.0,0,0.0,300000,1.0,300000,10,114299,0.011117455703211517,0.010775771704584524,88.94863813229571,1,1285,4.951983105452191,1.0152145904902836,0.004951983105452191,0.2595959595959596,1711,0.00659365221278498,1265.7422499999998,0.9850134241245134,improved_rl_isac,0,-194.03924560546875,-19403.923828125,0,,34881,0.0,11.99409397329283,100,1.0,2450.1470707070707,,0.0,0.0,BC-MARL,bc_notable_nogate,gauss_markov,8.750619243114308,100,3000.0,,3000.0,,3000.0,,eval_stochastic,259492,,improved_rl_isac,bc_notable_nogate_N100_B10_3000slot_stochastic,166846,259492,201.93929961089495,30260705,30260705,5627,0.0,0.0,0.0,0,0,3000,marl,-0.06467974931001663,4950,92646
0,0.0,0,0.0,300000,1.0,300000,10,131752,0.010038470786246693,0.009773083056575618,98.61676646706587,1,1336,5.20599936873361,1.064456167272594,0.00520599936873361,0.2698989898989899,2171,0.008459748974192115,1255.1009999999999,0.9394468562874251,improved_rl_isac,1,-205.0057830810547,-20500.580078125,1,,37108,0.0,12.053348421759033,100,1.0,2431.088888888889,,0.0,0.0,BC-MARL,bc_notable_nogate,gauss_markov,8.914099994555125,100,3000.0,,3000.0,,3000.0,,eval_stochastic,256627,,improved_rl_isac,bc_notable_nogate_N100_B10_3000slot_stochastic,165764,256627,192.08607784431138,30260706,30260706,6265,0.0,0.0,0.0,0,0,3000,marl,-0.06833526492118835,4950,90863
0,0.0,0,0.0,300000,1.0,300000,10,110369,0.011871614664935762,0.011498538835751264,83.23453996983409,1,1326,5.088199291642844,1.043888587329822,0.005088199291642843,0.2678787878787879,1350,0.005180293396468958,1270.2504999999999,0.957956636500754,improved_rl_isac,2,-189.71949768066406,-18971.94921875,2,,33970,0.0,15.002265540033177,100,1.0,2437.9931313131315,,0.0,0.0,BC-MARL,bc_notable_nogate,gauss_markov,8.878948161327196,100,3000.0,,3000.0,,3000.0,,eval_stochastic,260603,,improved_rl_isac,bc_notable_nogate_N100_B10_3000slot_stochastic,167211,260603,196.53318250377075,30260707,30260707,5427,0.0,0.0,0.0,0,0,3000,marl,-0.06323982775211334,4950,93392
0,0.0,0,0.0,300000,1.0,300000,15,243572,0.006765050095624126,0.006675465351156034,146.81856540084388,1,1659,6.766843689581752,1.3674010437251003,0.006766843689581753,0.33515151515151514,910,0.0037117708001925226,1213.2505,0.7313143459915612,improved_rl_isac,0,-252.4692840576172,-25246.9296875,0,,45634,0.0,19.463071054658055,100,1.0,2255.869898989899,,0.0,0.0,BC-MARL,bc_notable_nogate,gauss_markov,8.750619243114308,100,3000.0,,3000.0,,3000.0,,eval_stochastic,245166,,improved_rl_isac,bc_notable_nogate_N100_B15_3000slot_stochastic,162177,245166,147.77938517179024,30260705,30260705,9200,0.0,0.0,0.0,0,0,3000,marl,-0.08415643125772476,4950,82989
0,0.0,0,0.0,300000,1.0,300000,15,255711,0.006966855012524029,0.006882502560797358,142.53678929765886,1,1794,7.299151280402959,1.477778644986539,0.007299151280402959,0.3624242424242424,954,0.003881488473525319,1213.98425,0.6766913322185061,improved_rl_isac,1,-253.88525390625,-25388.5234375,1,,45281,0.0,13.63790211280893,100,1.0,2200.4468686868686,,0.0,0.0,BC-MARL,bc_notable_nogate,gauss_markov,8.914099994555125,100,3000.0,,3000.0,,3000.0,,eval_stochastic,245782,,improved_rl_isac,bc_notable_nogate_N100_B15_3000slot_stochastic,162825,245782,137.00222965440358,30260706,30260706,8937,0.0,0.0,0.0,0,0,3000,marl,-0.08462841063737869,4950,82957
0,0.0,0,0.0,150000,1.0,150000,10,44926,0.007927569835486365,0.00777881302680332,125.14206128133705,1,359,2.669541939321832,0.5505182961075367,0.0026695419393218322,0.29306122448979594,684,0.005086258179654967,652.11275,1.8164700557103064,improved_rl_isac,0,-200.03927612304688,-10001.96484375,0,,13691,0.0,2.8745574302638537,50,1.0,2338.585306122449,,0.0,0.0,BC-MARL,bc_notable_nogate,gauss_markov,8.961439163199403,50,3000.0,,3000.0,,3000.0,,eval_stochastic,134480,,improved_rl_isac,bc_notable_nogate_N50_B10_3000slot_stochastic,84582,134480,374.59610027855155,30260705,30260705,1829,0.0,0.0,0.0,0,0,3000,marl,-0.06667976826429367,1225,49898
0,0.0,0,0.0,150000,1.0,150000,10,56468,0.007749213656890826,0.007643908273100723,128.0453514739229,1,441,3.333534907628579,0.6884047507732846,0.003333534907628579,0.36,900,0.006803132464548121,640.6115,1.4526337868480725,improved_rl_isac,1,-212.71078491210938,-10635.5400390625,1,,15590,0.0,8.052181284766267,50,1.0,2217.1926530612245,,0.0,0.0,BC-MARL,bc_notable_nogate,gauss_markov,9.827045956246618,50,3000.0,,3000.0,,3000.0,,eval_stochastic,132292,,improved_rl_isac,bc_notable_nogate_N50_B10_3000slot_stochastic,84873,132292,299.98185941043084,30260706,30260706,2118,0.0,0.0,0.0,0,0,3000,marl,-0.07090359926223755,1225,47419
0,0.0,0,0.0,150000,1.0,150000,10,53199,0.006925518013813701,0.006816845509334118,143.3935309973046,1,371,2.78767112994605,0.5744138868814939,0.00278767112994605,0.3028571428571429,840,0.006311708218745773,645.87575,1.7409049865229111,improved_rl_isac,2,-212.24267578125,-10612.134765625,2,,14823,0.0,6.546066556223551,50,1.0,2301.071836734694,,0.0,0.0,BC-MARL,bc_notable_nogate,gauss_markov,9.745028443464806,50,3000.0,,3000.0,,3000.0,,eval_stochastic,133086,,improved_rl_isac,bc_notable_nogate_N50_B10_3000slot_stochastic,84446,133086,358.72237196765496,30260707,30260707,2091,0.0,0.0,0.0,0,0,3000,marl,-0.07074756175279617,1225,48640
0,0.0,0,0.0,150000,1.0,150000,15,71783,0.007850617130378294,0.007779969318430857,126.37852112676056,1,568,4.359505718013662,0.9035924161870309,0.004359505718013662,0.4636734693877551,461,0.0035382608028244685,628.602,1.1066936619718308,improved_rl_isac,0,-222.86878967285156,-11143.439453125,0,,17576,0.0,12.97654291678633,50,1.0,1933.4661224489796,,0.0,0.0,BC-MARL,bc_notable_nogate,gauss_markov,8.961439163199403,50,3000.0,,3000.0,,3000.0,,eval_stochastic,130290,,improved_rl_isac,bc_notable_nogate_N50_B15_3000slot_stochastic,85168,130290,229.3838028169014,30260705,30260705,2134,0.0,0.0,0.0,0,0,3000,marl,-0.07428959757089615,1225,45122
0,0.0,0,0.0,150000,1.0,150000,15,96651,0.0064965101816350235,0.006457149863092076,152.92879746835442,1,632,4.9358033176095715,1.0185096399842388,0.004935803317609571,0.5159183673469387,646,0.005045140732873075,620.5145,0.9818267405063291,improved_rl_isac,1,-252.94378662109375,-12647.189453125,1,,19026,0.0,16.920787681238025,50,1.0,1822.8432653061225,,0.0,0.0,BC-MARL,bc_notable_nogate,gauss_markov,9.827045956246618,50,3000.0,,3000.0,,3000.0,,eval_stochastic,128044,,improved_rl_isac,bc_notable_nogate_N50_B15_3000slot_stochastic,85043,128044,202.6012658227848,30260706,30260706,2930,0.0,0.0,0.0,0,0,3000,marl,-0.08431459963321686,1225,43001
62551,0.20850333333333335,159422,0.5314066666666667,78027,0.26009,300000,10,273,0.6440677966101694,0.09458165805092858,0.5526315789473685,1,494,13.679284468197048,0.5128587123560797,0.013679284468197049,0.0997979797979798,3418,0.09464735690748484,963.22825,1.9498547570850202,improved_rl_isac,0,-29.393178939819336,-2939.31787109375,0,,140673,0.0,2.9788469805352835,100,1.0,2804.3444444444444,,0.0,0.0,MARL+gate,notable_gate,gauss_markov,8.750619243114308,100,3000.0,,3000.0,,3000.0,,eval_stochastic,36113,,improved_rl_isac,notable_gate_N100_B10_3000slot_stochastic,13951,36113,73.10323886639677,30260705,30260705,123214,0.0,0.0,0.0,0,0,3000,marl,-0.009797725826501846,4950,22162
62643,0.20881,159132,0.53044,78225,0.26075,300000,10,342,0.6095890410958904,0.10090702947845805,0.6404494382022472,1,534,14.819337292557028,0.5530376290841869,0.014819337292557029,0.10787878787878788,3588,0.09957262585336071,965.5762499999998,1.8081952247191009,improved_rl_isac,1,-28.699541091918945,-2869.9541015625,1,,140217,0.0,2.5197718646253366,100,1.0,2789.17898989899,,0.0,0.0,MARL+gate,notable_gate,gauss_markov,8.914099994555125,100,3000.0,,3000.0,,3000.0,,eval_stochastic,36034,,improved_rl_isac,notable_gate_N100_B10_3000slot_stochastic,14088,36034,67.47940074906367,30260706,30260706,123749,0.0,0.0,0.0,0,0,3000,marl,-0.009566513821482658,4950,21946
62820,0.2094,159075,0.53025,78105,0.26035,300000,10,279,0.633377135348226,0.09217823675655001,0.578838174273859,1,482,13.06976870305594,0.4961692287064781,0.01306976870305594,0.09737373737373738,3525,0.09558285202961035,971.4427499999999,2.015441390041494,improved_rl_isac,2,-30.052648544311523,-3005.2646484375,2,,139147,0.0,2.324521643696908,100,1.0,2809.7466666666664,,0.0,0.0,MARL+gate,notable_gate,gauss_markov,8.878948161327196,100,3000.0,,3000.0,,3000.0,,eval_stochastic,36879,,improved_rl_isac,notable_gate_N100_B10_3000slot_stochastic,14231,36879,76.51244813278008,30260707,30260707,123974,0.0,0.0,0.0,0,0,3000,marl,-0.010017548687756062,4950,22648
31260,0.2084,79672,0.5311466666666667,39068,0.2604533333333333,150000,10,105,0.6590909090909091,0.15263157894736842,0.5172413793103449,1,203,11.134880149196425,0.4097233610434826,0.011134880149196424,0.1657142857142857,2359,0.12939498656135154,495.45625,2.44067118226601,improved_rl_isac,0,-33.34929656982422,-1667.4649658203125,0,,67889,0.0,2.155518512761525,50,1.0,2651.3248979591835,,0.0,0.0,MARL+gate,notable_gate,gauss_markov,8.961439163199403,50,3000.0,,3000.0,,3000.0,,eval_stochastic,18231,,improved_rl_isac,notable_gate_N50_B10_3000slot_stochastic,7091,18231,89.80788177339902,30260705,30260705,63880,0.0,0.0,0.0,0,0,3000,marl,-0.011116432957351208,1225,11140
31261,0.20840666666666666,79695,0.5313,39044,0.2602933333333333,150000,10,100,0.673202614379085,0.15547169811320755,0.4854368932038835,1,206,11.477601961221307,0.41556995368714944,0.011477601961221306,0.16816326530612244,2319,0.12920659683530197,495.70475,2.4063337378640774,improved_rl_isac,1,-32.8803596496582,-1644.01806640625,1,,67859,0.0,1.7743760137839173,50,1.0,2660.0073469387753,,0.0,0.0,MARL+gate,notable_gate,gauss_markov,9.827045956246618,50,3000.0,,3000.0,,3000.0,,eval_stochastic,17948,,improved_rl_isac,notable_gate_N50_B10_3000slot_stochastic,7053,17948,87.12621359223301,30260706,30260706,64193,0.0,0.0,0.0,0,0,3000,marl,-0.01096012070775032,1225,10895
31317,0.20878,79761,0.53174,38922,0.25948,150000,10,104,0.6780185758513931,0.16478555304740405,0.4748858447488584,1,219,12.266158843956536,0.44423798985352314,0.012266158843956536,0.17877551020408164,2341,0.13111907695754452,492.97900000000004,2.2510456621004566,improved_rl_isac,2,-32.32421875,-1616.2109375,2,,68396,0.0,2.2339659913814995,50,1.0,2640.8448979591835,,0.0,0.0,MARL+gate,notable_gate,gauss_markov,9.745028443464806,50,3000.0,,3000.0,,3000.0,,eval_stochastic,17854,,improved_rl_isac,notable_gate_N50_B10_3000slot_stochastic,6872,17854,81.52511415525115,30260707,30260707,63750,0.0,0.0,0.0,0,0,3000,marl,-0.010774740017950535,1225,10982
0,0.0,0,0.0,300000,1.0,300000,10,21512,0.039128104341611576,0.03310407376615524,24.557077625570777,1,876,6.660989111259808,0.7543933076012878,0.006660989111259809,0.17696969696969697,7132,0.05423079262728876,1161.1979999999999,1.3255684931506848,improved_rl_isac,0,-78.1618881225586,-7816.189453125,0,,80032,0.0,7.978780526315581,100,1.0,2633.589696969697,,0.0,0.0,MARL,notable_nogate,gauss_markov,8.750619243114308,100,3000.0,,3000.0,,3000.0,,eval_stochastic,131512,,improved_rl_isac,notable_nogate_N100_B10_3000slot_stochastic,89309,131512,150.12785388127853,30260705,30260705,88456,0.0,0.0,0.0,0,0,3000,marl,-0.026053965091705322,4950,42203
0,0.0,0,0.0,300000,1.0,300000,10,23598,0.036737692872887584,0.031525851197982346,26.22,1,900,7.007381108100533,0.7765623139486122,0.007007381108100533,0.18181818181818182,7273,0.056627425332461304,1158.9540000000002,1.287726666666667,improved_rl_isac,1,-77.56159210205078,-7756.1591796875,1,,81464,0.0,7.837395857301887,100,1.0,2623.768686868687,,0.0,0.0,MARL,notable_nogate,gauss_markov,8.914099994555125,100,3000.0,,3000.0,,3000.0,,eval_stochastic,128436,,improved_rl_isac,notable_nogate_N100_B10_3000slot_stochastic,86314,128436,142.70666666666668,30260706,30260706,90100,0.0,0.0,0.0,0,0,3000,marl,-0.02585386484861374,4950,42122
0,0.0,0,0.0,300000,1.0,300000,10,20804,0.04155533032341288,0.03502368564106546,23.06430155210643,1,902,6.805595376420348,0.7755173805739775,0.006805595376420347,0.18222222222222223,7103,0.053592177337820096,1163.0945,1.2894617516629712,improved_rl_isac,2,-77.30490112304688,-7730.4892578125,2,,79314,0.0,7.379525325644232,100,1.0,2624.7329292929294,,0.0,0.0,MARL,notable_nogate,gauss_markov,8.878948161327196,100,3000.0,,3000.0,,3000.0,,eval_stochastic,132538,,improved_rl_isac,notable_nogate_N100_B10_3000slot_stochastic,90425,132538,146.9379157427938,30260707,30260707,88148,0.0,0.0,0.0,0,0,3000,marl,-0.025768296793103218,4950,42113
0,0.0,0,0.0,150000,1.0,150000,10,8850,0.037729694465586605,0.03444168734491315,25.504322766570606,1,347,4.890974953134029,0.5884195804670136,0.004890974953134029,0.283265306122449,5138,0.07242025737522376,589.71525,1.6994675792507203,improved_rl_isac,0,-91.95848846435547,-4597.9248046875,0,,36509,0.0,5.991183327286421,50,1.0,2396.4612244897958,,0.0,0.0,MARL,notable_nogate,gauss_markov,8.961439163199403,50,3000.0,,3000.0,,3000.0,,eval_stochastic,70947,,improved_rl_isac,notable_nogate_N50_B10_3000slot_stochastic,50179,70947,204.45821325648416,30260705,30260705,42544,0.0,0.0,0.0,0,0,3000,marl,-0.030652832239866257,1225,20768
0,0.0,0,0.0,150000,1.0,150000,10,9730,0.036442859972271736,0.033591967138293016,26.440217391304348,1,368,5.259321718997871,0.6276663561025841,0.005259321718997871,0.3004081632653061,5081,0.07261579797344614,586.29875,1.593203125,improved_rl_isac,1,-90.9052963256836,-4545.2646484375,1,,37267,0.0,7.413761694277303,50,1.0,2363.6702040816326,,0.0,0.0,MARL,notable_nogate,gauss_markov,9.827045956246618,50,3000.0,,3000.0,,3000.0,,eval_stochastic,69971,,improved_rl_isac,notable_nogate_N50_B10_3000slot_stochastic,49708,69971,190.13858695652175,30260706,30260706,42762,0.0,0.0,0.0,0,0,3000,marl,-0.030301764607429504,1225,20263
0,0.0,0,0.0,150000,1.0,150000,10,8807,0.03832714566499236,0.034988038277511964,25.09116809116809,1,351,4.965622612681436,0.5945222649435119,0.004965622612681436,0.28653061224489795,5237,0.07408822114704468,590.39,1.682022792022792,improved_rl_isac,2,-91.4397964477539,-4571.98974609375,2,,36456,0.0,6.217202012760236,50,1.0,2385.922448979592,,0.0,0.0,MARL,notable_nogate,gauss_markov,9.745028443464806,50,3000.0,,3000.0,,3000.0,,eval_stochastic,70686,,improved_rl_isac,notable_nogate_N50_B10_3000slot_stochastic,49994,70686,201.3846153846154,30260707,30260707,42858,0.0,0.0,0.0,0,0,3000,marl,-0.030479932203888893,1225,20692
84409,0.28136333333333335,86423,0.28807666666666665,129168,0.43056,300000,10,13051,0.05605381165919283,0.04305316371312705,16.84,1,775,6.509268358236534,0.6549127434400452,0.0065092683582365345,0.15656565656565657,37496,0.3149310017554027,1183.3637500000002,1.5269209677419358,improved_rl_isac_tables,0,-66.73632049560547,-6673.630859375,0,,76479,0.0,4.237627566733675,100,1.0,2659.0151515151515,,0.0,0.0,MARL+tables+gate,table_gate,gauss_markov,8.644959615200404,100,3000.0,,3000.0,,3000.0,,eval_stochastic,119061,,improved_rl_isac_tables,table_gate_N100_B10_3000slot,88441,119061,153.62709677419355,30270705,30270705,104460,0.0,0.0,0.0,0,0,3000,marl,-0.022245436906814575,4950,30620
85121,0.2837366666666667,86011,0.2867033333333333,128868,0.42956,300000,10,12265,0.05733610022288833,0.04333430148126634,16.44101876675603,1,746,6.156842678639222,0.6277850862752169,0.006156842678639222,0.1507070707070707,38406,0.31697010712576135,1188.30475,1.5929018096514747,improved_rl_isac_tables,1,-68.06257629394531,-6806.2578125,1,,75003,0.0,5.632873831055454,100,1.0,2672.1060606060605,,0.0,0.0,MARL+tables+gate,table_gate,gauss_markov,8.205313470927814,100,3000.0,,3000.0,,3000.0,,eval_stochastic,121166,,improved_rl_isac_tables,table_gate_N100_B10_3000slot,90214,121166,162.42091152815013,30270706,30270706,103831,0.0,0.0,0.0,0,0,3000,marl,-0.022687526419758797,4950,30952
84336,0.28112,86592,0.28864,129072,0.43024,300000,10,11346,0.0595159151193634,0.04405989199803633,15.802228412256268,1,718,5.862803857365657,0.6041815590829399,0.005862803857365657,0.14505050505050504,35384,0.2889268129373627,1188.3845,1.6551316155988856,improved_rl_isac_tables,2,-67.22537231445312,-6722.53759765625,2,,74754,0.0,4.32741183684109,100,1.0,2686.2458585858585,,0.0,0.0,MARL+tables+gate,table_gate,gauss_markov,8.799709066820467,100,3000.0,,3000.0,,3000.0,,eval_stochastic,122467,,improved_rl_isac_tables,table_gate_N100_B10_3000slot,90890,122467,170.56685236768803,30270707,30270707,102779,0.0,0.0,0.0,0,0,3000,marl,-0.022408459335565567,4950,31577
42246,0.28164,43688,0.2912533333333333,64066,0.4271066666666667,150000,10,4726,0.05968961400716275,0.0504116955133591,15.753333333333334,1,300,4.468009055165019,0.5052423100015242,0.004468009055165019,0.24489795918367346,37130,0.5529905873942571,593.7745,1.9792483333333333,improved_rl_isac_tables,0,-82.45355224609375,-4122.677734375,0,,35498,0.0,4.902723872578546,50,1.0,2439.2685714285712,,0.0,0.0,MARL+tables+gate,table_gate,gauss_markov,8.227455866695122,50,3000.0,,3000.0,,3000.0,,eval_stochastic,67144,,improved_rl_isac_tables,table_gate_N50_B10_3000slot,51056,67144,223.81333333333333,30270705,30270705,47358,0.0,0.0,0.0,0,0,3000,marl,-0.02748451754450798,1225,16088
42515,0.2834333333333333,43290,0.2886,64195,0.42796666666666666,150000,10,5253,0.05111994219653179,0.04368632293917876,18.56183745583039,1,283,4.259738695887772,0.47577138428458193,0.004259738695887772,0.2310204081632653,37408,0.563068216027455,594.8235,2.1018498233215546,improved_rl_isac_tables,1,-83.3228988647461,-4166.14453125,1,,35614,0.0,3.2530295385502974,50,1.0,2490.012244897959,,0.0,0.0,MARL+tables+gate,table_gate,gauss_markov,8.03360650413611,50,3000.0,,3000.0,,3000.0,,eval_stochastic,66436,,improved_rl_isac_tables,table_gate_N50_B10_3000slot,50198,66436,234.75618374558303,30270706,30270706,47950,0.0,0.0,0.0,0,0,3000,marl,-0.027774296700954437,1225,16238
42716,0.2847733333333333,43376,0.28917333333333334,63908,0.42605333333333334,150000,10,4435,0.0531596925704526,0.04399293286219081,17.811244979919678,1,249,3.6564950512496694,0.417404423397278,0.0036564950512496695,0.20326530612244897,35967,0.5281652911979794,596.54375,2.3957580321285143,improved_rl_isac_tables,2,-84.02365112304688,-4201.18310546875,2,,35079,0.0,3.9076755501080163,50,1.0,2524.9763265306124,,0.0,0.0,MARL+tables+gate,table_gate,gauss_markov,9.328734735268183,50,3000.0,,3000.0,,3000.0,,eval_stochastic,68098,,improved_rl_isac_tables,table_gate_N50_B10_3000slot,50876,68098,273.4859437751004,30270707,30270707,46823,0.0,0.0,0.0,0,0,3000,marl,-0.028007887303829193,1225,17222
0,0.0,0,0.0,300000,1.0,300000,10,10130,0.06678949792722248,0.04807692307692308,13.972413793103449,1,725,8.218650100891015,1.1100597441809903,0.008218650100891015,0.14646464646464646,26597,0.3015054299771011,653.1179999999999,0.9008524137931033,improved_rl_isac_tables,0,-44.27699661254883,-4427.69970703125,0,,187528,0.0,3.772050389130523,100,1.0,2697.4743434343436,,0.0,0.0,MARL+tables,table_nogate,gauss_markov,8.644959615200404,100,3000.0,,3000.0,,3000.0,,eval_stochastic,88214,,improved_rl_isac_tables,table_nogate_N100_B10_3000slot,34298,88214,121.67448275862068,30270705,30270705,24258,0.0,0.0,0.0,0,0,3000,marl,-0.014758999459445477,4950,53916
0,0.0,0,0.0,300000,1.0,300000,10,9626,0.07192441187813343,0.051180021953896815,12.90348525469169,1,746,8.503556447200436,1.1490242920061948,0.008503556447200437,0.1507070707070707,26372,0.3006109793908444,649.2465000000001,0.8703036193029492,improved_rl_isac_tables,1,-43.603694915771484,-4360.36962890625,1,,188202,0.0,5.040712911841591,100,1.0,2685.672121212121,,0.0,0.0,MARL+tables,table_nogate,gauss_markov,8.205313470927814,100,3000.0,,3000.0,,3000.0,,eval_stochastic,87728,,improved_rl_isac_tables,table_nogate_N100_B10_3000slot,34296,87728,117.59785522788204,30270706,30270706,24070,0.0,0.0,0.0,0,0,3000,marl,-0.01453456562012434,4950,53432
0,0.0,0,0.0,300000,1.0,300000,10,7988,0.08331420702318108,0.05611377338073891,11.002754820936639,1,726,8.18387798581912,1.1123905134233816,0.00818387798581912,0.14666666666666667,24618,0.27750786261004834,652.6485000000001,0.8989648760330581,improved_rl_isac_tables,2,-41.97429656982422,-4197.4296875,2,,187466,0.0,4.4299668879975975,100,1.0,2702.7456565656566,,0.0,0.0,MARL+tables,table_nogate,gauss_markov,8.799709066820467,100,3000.0,,3000.0,,3000.0,,eval_stochastic,88711,,improved_rl_isac_tables,table_nogate_N100_B10_3000slot,34711,88711,122.19146005509641,30270707,30270707,23823,0.0,0.0,0.0,0,0,3000,marl,-0.013991432264447212,4950,54000
0,0.0,0,0.0,150000,1.0,150000,10,2868,0.0901015228426396,0.06938675787930614,10.098591549295774,1,284,6.652144379640691,0.916742658392311,0.006652144379640691,0.23183673469387756,21369,0.5005270184807814,309.7925,1.090818661971831,improved_rl_isac_tables,0,-48.4319953918457,-2421.599853515625,0,,96650,0.0,4.74451559730984,50,1.0,2505.7355102040815,,0.0,0.0,MARL+tables,table_nogate,gauss_markov,8.227455866695122,50,3000.0,,3000.0,,3000.0,,eval_stochastic,42693,,improved_rl_isac_tables,table_nogate_N50_B10_3000slot,17235,42693,150.32746478873239,30270705,30270705,10657,0.0,0.0,0.0,0,0,3000,marl,-0.016143998131155968,1225,25458
0,0.0,0,0.0,150000,1.0,150000,10,2882,0.0853697238971755,0.06549793036279523,10.71375464684015,1,269,6.323608923576012,0.869941343638958,0.006323608923576012,0.21959183673469387,21206,0.4985072521685982,309.21625000000006,1.1495027881040893,improved_rl_isac_tables,1,-48.925697326660156,-2446.28466796875,1,,96777,0.0,4.643335822791006,50,1.0,2529.375510204082,,0.0,0.0,MARL+tables,table_nogate,gauss_markov,8.03360650413611,50,3000.0,,3000.0,,3000.0,,eval_stochastic,42539,,improved_rl_isac_tables,table_nogate_N50_B10_3000slot,17158,42539,158.1375464684015,30270706,30270706,10684,0.0,0.0,0.0,0,0,3000,marl,-0.016308564692735672,1225,25381
0,0.0,0,0.0,150000,1.0,150000,10,2093,0.1017167381974249,0.07142857142857142,8.831223628691983,1,237,5.503947979563399,0.7628170156474047,0.0055039479795633995,0.19346938775510203,19626,0.45578262888992105,310.69050000000004,1.3109303797468357,improved_rl_isac_tables,2,-49.1171989440918,-2455.85986328125,2,,96386,0.0,2.6635498901183823,50,1.0,2574.3591836734695,,0.0,0.0,MARL+tables,table_nogate,gauss_markov,9.328734735268183,50,3000.0,,3000.0,,3000.0,,eval_stochastic,43060,,improved_rl_isac_tables,table_nogate_N50_B10_3000slot,17545,43060,181.68776371308016,30270707,30270707,10554,0.0,0.0,0.0,0,0,3000,marl,-0.016372399404644966,1225,25515
,,,,,,,10,4431,0.4605551497443389,0.40326191237607933,1.1712926249008724,1,3783,13.12757658620546,2.742884487802756,0.013127576586205461,0.7642424242424243,133194,0.4622031286870341,1379.205,0.36457969865186357,,0,,,0,0.7642424242424243,11828,0.0,43.69613716320971,100,1.0,1383.3066666666666,1383.3066666666666,0.0,0.0,Collision-aware ISAC,baseline_collision_aware_isac,gauss_markov,8.959538366796242,100,3000.0,3000.0,3000.0,3000.0,3000.0,3000.0,eval_stochastic,288172,2026092826,collision_aware_isac,baseline_protocols_B10_3000slot_3ep/N100/collision_aware_isac,176392,288172,76.17552207242929,2026070906,2026092826,0,0.0,0.0,0.0,0,0,3000,baseline,,4950,111780
,,,,,,,10,5316,0.4202835332606325,0.3754139879212936,1.3793461338868709,1,3854,13.372889883585765,2.7947965587163806,0.013372889883585766,0.7785858585858586,126999,0.4406703794305939,1378.99125,0.3578077970939284,,1,,,1,0.7785858585858586,11805,0.0,42.62583228408304,100,1.0,1336.0197979797979,1336.0197979797979,0.0,0.0,Collision-aware ISAC,baseline_collision_aware_isac,gauss_markov,8.602851045845988,100,3000.0,3000.0,3000.0,3000.0,3000.0,3000.0,eval_stochastic,288195,2026092827,collision_aware_isac,baseline_protocols_B10_3000slot_3ep/N100/collision_aware_isac,176565,288195,74.77815256875974,2026070907,2026092827,0,0.0,0.0,0.0,0,0,3000,baseline,,4950,111630
,,,,,,,10,4283,0.4672222913297674,0.406801689591682,1.1403088391906284,1,3756,13.029315960912053,2.722437988157467,0.013029315960912053,0.7587878787878788,130596,0.45302889968883664,1379.6457500000001,0.36731782481363157,,2,,,2,0.7587878787878788,11727,0.0,43.60003948374293,100,1.0,1385.7983838383839,1385.7983838383839,0.0,0.0,Collision-aware ISAC,baseline_collision_aware_isac,gauss_markov,8.999784600331402,100,3000.0,3000.0,3000.0,3000.0,3000.0,3000.0,eval_stochastic,288273,2026092828,collision_aware_isac,baseline_protocols_B10_3000slot_3ep/N100/collision_aware_isac,176462,288273,76.75,2026070908,2026092828,0,0.0,0.0,0.0,0,0,3000,baseline,,4950,111811
,,,,,,,10,5897,0.3904909560723514,0.3482990688669678,1.5608787718369508,1,3778,13.117144642733143,2.5965760660016923,0.013117144642733143,0.7632323232323233,134482,0.46691896396083604,1454.993,0.3851225516146109,,0,,,0,0.7632323232323233,11980,0.0,42.65470083276969,100,1.0,1401.5674747474748,1401.5674747474748,0.0,0.0,Rule ISAC,baseline_improved_rl_isac,gauss_markov,8.959538366796242,100,3000.0,3000.0,3000.0,3000.0,3000.0,3000.0,eval_stochastic,288020,2026085128,improved_rl_isac,baseline_protocols_B10_3000slot_3ep/N100/improved_rl_isac,138061,288020,76.23610375860244,2026070906,2026085128,0,0.0,0.0,0.0,0,0,3000,baseline,,4950,149959
,,,,,,,10,7217,0.34634543972466264,0.3142927591024903,1.8872907949790796,1,3824,13.272984755504957,2.6284063087250167,0.013272984755504957,0.7725252525252525,126991,0.44078180101629966,1454.874,0.3804586820083682,,1,,,1,0.7725252525252525,11896,0.0,38.767953261408245,100,1.0,1338.470101010101,1338.470101010101,0.0,0.0,Rule ISAC,baseline_improved_rl_isac,gauss_markov,8.602851045845988,100,3000.0,3000.0,3000.0,3000.0,3000.0,3000.0,eval_stochastic,288104,2026085129,improved_rl_isac,baseline_protocols_B10_3000slot_3ep/N100/improved_rl_isac,138362,288104,75.34100418410041,2026070907,2026085129,0,0.0,0.0,0.0,0,0,3000,baseline,,4950,149742
,,,,,,,10,5704,0.39601863617111394,0.351041862211376,1.5251336898395722,1,3740,12.97502827446001,2.5673086196700456,0.01297502827446001,0.7555555555555555,130696,0.4534182607911298,1456.7785000000001,0.3895129679144385,,2,,,2,0.7555555555555555,11754,0.0,47.46719105826629,100,1.0,1409.5610101010102,1409.5610101010102,0.0,0.0,Rule ISAC,baseline_improved_rl_isac,gauss_markov,8.999784600331402,100,3000.0,3000.0,3000.0,3000.0,3000.0,3000.0,eval_stochastic,288246,2026085130,improved_rl_isac,baseline_protocols_B10_3000slot_3ep/N100/improved_rl_isac,137818,288246,77.07112299465241,2026070908,2026085130,0,0.0,0.0,0.0,0,0,3000,baseline,,4950,150428
,,,,,,,10,8778,0.29742276292620456,0.2706876456876457,2.36221743810549,1,3716,12.894002692611974,2.5523432997897544,0.012894002692611973,0.7507070707070707,116516,0.40429429971269554,1455.9170000000001,0.39179682454251885,,0,,,0,0.7507070707070707,11804,0.0,51.39672084223214,100,1.0,1304.6977777777777,1304.6977777777777,0.0,0.0,baseline_improved_rl_isac_tables,baseline_improved_rl_isac_tables,gauss_markov,8.959538366796242,100,3000.0,3000.0,3000.0,3000.0,3000.0,3000.0,eval_stochastic,288196,2026099769,improved_rl_isac_tables,baseline_protocols_B10_3000slot_3ep/N100/improved_rl_isac_tables,138105,288196,77.55543595263724,2026070906,2026099769,0,0.0,0.0,0.0,0,0,3000,baseline,,4950,150091
,,,,,,,10,12139,0.23238902238522827,0.21505061735619405,3.30312925170068,1,3675,12.763119966381767,2.524282481290688,0.012763119966381768,0.7424242424242424,107782,0.3743223391065469,1455.85925,0.3961521768707483,,1,,,1,0.7424242424242424,12061,0.0,45.050307711919835,100,1.0,1305.5779797979799,1305.5779797979799,0.0,0.0,baseline_improved_rl_isac_tables,baseline_improved_rl_isac_tables,gauss_markov,8.602851045845988,100,3000.0,3000.0,3000.0,3000.0,3000.0,3000.0,eval_stochastic,287939,2026099770,improved_rl_isac_tables,baseline_protocols_B10_3000slot_3ep/N100/improved_rl_isac_tables,137395,287939,78.35074829931973,2026070907,2026099770,0,0.0,0.0,0.0,0,0,3000,baseline,,4950,150544
,,,,,,,10,8910,0.2885659533695305,0.26075036075036073,2.4654122855561704,1,3614,12.545997361660765,2.483884647132364,0.012545997361660765,0.7301010101010101,114192,0.39641741303895023,1454.979,0.40259518539014943,,2,,,2,0.7301010101010101,11940,0.0,50.099646625566365,100,1.0,1356.179797979798,1356.179797979798,0.0,0.0,baseline_improved_rl_isac_tables,baseline_improved_rl_isac_tables,gauss_markov,8.999784600331402,100,3000.0,3000.0,3000.0,3000.0,3000.0,3000.0,eval_stochastic,288060,2026099771,improved_rl_isac_tables,baseline_protocols_B10_3000slot_3ep/N100/improved_rl_isac_tables,138183,288060,79.70669618151632,2026070908,2026099771,0,0.0,0.0,0.0,0,0,3000,baseline,,4950,149877
,,,,,,,10,0,1.0,0.005050505050505051,0.0,75,25,0.08527126494805275,0.020896641449992877,8.527126494805275e-05,0.005050505050505051,264695,0.9028350990169929,1196.3645,47.85458,,0,,,0,0.005050505050505051,6818,0.6,-8.403794757005578e-16,6,0.06,2990.9365656565656,2990.9365656565656,0.0,0.0,baseline_improved_rl_no_isac,baseline_improved_rl_no_isac,gauss_markov,8.959538366796242,100,3000.0,3000.0,3000.0,3000.0,3000.0,3000.0,eval_stochastic,0,2026090785,improved_rl_no_isac,baseline_protocols_B10_3000slot_3ep/N100/improved_rl_no_isac,135625,293182,11727.28,2026070906,2026090785,0,0.0,0.0,0.0,0,0,3000,baseline,,4950,157557
,,,,,,,10,0,1.0,0.0036363636363636364,0.0,82,18,0.06127680434656799,0.015004954761103407,6.127680434656799e-05,0.0036363636363636364,264996,0.9021171135901739,1199.60375,66.64465277777778,,1,,,1,0.0036363636363636364,6251,0.68,0.0,3,0.03,2996.3242424242426,2996.3242424242426,0.0,0.0,baseline_improved_rl_no_isac,baseline_improved_rl_no_isac,gauss_markov,8.602851045845988,100,3000.0,3000.0,3000.0,3000.0,3000.0,3000.0,eval_stochastic,0,2026090786,improved_rl_no_isac,baseline_protocols_B10_3000slot_3ep/N100/improved_rl_no_isac,135352,293749,16319.388888888889,2026070907,2026090786,0,0.0,0.0,0.0,0,0,3000,baseline,,4950,158397
,,,,,,,10,0,1.0,0.0036363636363636364,0.0,82,18,0.061363915290524054,0.015015052590221697,6.136391529052405e-05,0.0036363636363636364,263904,0.8996768167128032,1198.797,66.59983333333334,,2,,,2,0.0036363636363636364,6668,0.66,0.0,3,0.03,2993.1729292929294,2993.1729292929294,0.0,0.0,baseline_improved_rl_no_isac,baseline_improved_rl_no_isac,gauss_markov,8.999784600331402,100,3000.0,3000.0,3000.0,3000.0,3000.0,3000.0,eval_stochastic,0,2026090787,improved_rl_no_isac,baseline_protocols_B10_3000slot_3ep/N100/improved_rl_no_isac,134765,293332,16296.222222222223,2026070908,2026090787,0,0.0,0.0,0.0,0,0,3000,baseline,,4950,158567
,,,,,,,10,0,1.0,0.0028282828282828283,0.0,86,14,0.05183726062293577,0.012876843113142383,5.183726062293577e-05,0.0028282828282828283,243788,0.9026644351960189,1087.223,77.65878571428571,,0,,,0,0.0028282828282828283,29924,0.75,-8.019132540697175e-16,4,0.04,2995.646262626263,2995.646262626263,0.0,0.0,baseline_rl_no_isac,baseline_rl_no_isac,gauss_markov,8.959538366796242,100,3000.0,3000.0,3000.0,3000.0,3000.0,3000.0,eval_stochastic,0,2026076604,rl_no_isac,baseline_protocols_B10_3000slot_3ep/N100/rl_no_isac,135319,270076,19291.14285714286,2026070906,2026076604,0,0.0,0.0,0.0,0,0,3000,baseline,,4950,134757
,,,,,,,10,0,1.0,0.0026262626262626263,0.0,87,13,0.04815153658961186,0.011958072239174323,4.815153658961186e-05,0.0026262626262626263,243614,0.902337571903208,1087.13175,83.62551923076923,,1,,,1,0.0026262626262626263,30019,0.76,-3.766952803685543e-16,3,0.03,2996.7256565656567,2996.7256565656567,0.0,0.0,baseline_rl_no_isac,baseline_rl_no_isac,gauss_markov,8.602851045845988,100,3000.0,3000.0,3000.0,3000.0,3000.0,3000.0,eval_stochastic,0,2026076605,rl_no_isac,baseline_protocols_B10_3000slot_3ep/N100/rl_no_isac,135139,269981,20767.76923076923,2026070907,2026076605,0,0.0,0.0,0.0,0,0,3000,baseline,,4950,134842
,,,,,,,10,0,1.0,0.0026262626262626263,0.0,87,13,0.04814422528534712,0.011937617683101247,4.814422528534712e-05,0.0026262626262626263,243429,0.9015154320759049,1088.9945,83.76880769230769,,2,,,2,0.0026262626262626263,29978,0.74,0.0,2,0.02,2996.1351515151514,2996.1351515151514,0.0,0.0,baseline_rl_no_isac,baseline_rl_no_isac,gauss_markov,8.999784600331402,100,3000.0,3000.0,3000.0,3000.0,3000.0,3000.0,eval_stochastic,0,2026076606,rl_no_isac,baseline_protocols_B10_3000slot_3ep/N100/rl_no_isac,134305,270022,20770.923076923078,2026070908,2026076606,0,0.0,0.0,0.0,0,0,3000,baseline,,4950,135717
,,,,,,,10,0,1.0,0.0028282828282828283,0.0,86,14,0.04666666666666666,0.011666666666666667,4.6666666666666665e-05,0.0028282828282828283,270696,0.90232,1200.0,85.71428571428571,,0,,,0,0.0028282828282828283,0,0.76,-3.766952803685543e-16,3,0.03,2996.3345454545456,2996.3345454545456,0.0,0.0,baseline_skyorbs_like_skip_scan,baseline_skyorbs_like_skip_scan,gauss_markov,8.959538366796242,100,3000.0,3000.0,3000.0,3000.0,3000.0,3000.0,eval_stochastic,0,2026097542,skyorbs_like_skip_scan,baseline_protocols_B10_3000slot_3ep/N100/skyorbs_like_skip_scan,150000,300000,21428.571428571428,2026070906,2026097542,0,0.0,0.0,0.0,0,0,3000,baseline,,4950,150000
,,,,,,,10,0,1.0,0.0026262626262626263,0.0,87,13,0.043333333333333335,0.010833333333333334,4.3333333333333334e-05,0.0026262626262626263,270423,0.90141,1200.0,92.3076923076923,,1,,,1,0.0026262626262626263,0,0.76,0.0,3,0.03,2996.5761616161617,2996.5761616161617,0.0,0.0,baseline_skyorbs_like_skip_scan,baseline_skyorbs_like_skip_scan,gauss_markov,8.602851045845988,100,3000.0,3000.0,3000.0,3000.0,3000.0,3000.0,eval_stochastic,0,2026097543,skyorbs_like_skip_scan,baseline_protocols_B10_3000slot_3ep/N100/skyorbs_like_skip_scan,150000,300000,23076.923076923078,2026070907,2026097543,0,0.0,0.0,0.0,0,0,3000,baseline,,4950,150000
,,,,,,,10,0,1.0,0.0044444444444444444,0.0,78,22,0.07333333333333333,0.018333333333333333,7.333333333333333e-05,0.0044444444444444444,270036,0.90012,1200.0,54.54545454545455,,2,,,2,0.0044444444444444444,0,0.62,-6.223350904996454e-16,4,0.04,2994.300404040404,2994.300404040404,0.0,0.0,baseline_skyorbs_like_skip_scan,baseline_skyorbs_like_skip_scan,gauss_markov,8.999784600331402,100,3000.0,3000.0,3000.0,3000.0,3000.0,3000.0,eval_stochastic,0,2026097544,skyorbs_like_skip_scan,baseline_protocols_B10_3000slot_3ep/N100/skyorbs_like_skip_scan,150000,300000,13636.363636363636,2026070908,2026097544,0,0.0,0.0,0.0,0,0,3000,baseline,,4950,150000
,,,,,,,10,0,1.0,0.0032323232323232323,0.0,84,16,0.06277537792739243,0.01241406171805959,6.277537792739243e-05,0.0032323232323232323,229995,0.9023764404006639,1288.8609999999999,80.55381249999999,,0,,,0,0.0032323232323232323,0,0.73,-6.995422873424986e-16,4,0.04,2994.910909090909,2994.910909090909,0.0,0.0,Uniform random,baseline_uniform_random,gauss_markov,8.959538366796242,100,3000.0,3000.0,3000.0,3000.0,3000.0,3000.0,eval_stochastic,0,2026082103,uniform_random,baseline_protocols_B10_3000slot_3ep/N100/uniform_random,128131,254877,15929.8125,2026070906,2026082103,45123,0.0,0.0,0.0,0,0,3000,baseline,,4950,126746
,,,,,,,10,0,1.0,0.0030303030303030303,0.0,85,15,0.05882837410139658,0.011629592816943233,5.882837410139658e-05,0.0030303030303030303,230274,0.9031096678549998,1289.8129999999999,85.98753333333333,,1,,,1,0.0030303030303030303,0,0.78,-5.648213020702179e-16,4,0.04,2995.979393939394,2995.979393939394,0.0,0.0,Uniform random,baseline_uniform_random,gauss_markov,8.602851045845988,100,3000.0,3000.0,3000.0,3000.0,3000.0,3000.0,eval_stochastic,0,2026082104,uniform_random,baseline_protocols_B10_3000slot_3ep/N100/uniform_random,127604,254979,16998.6,2026070907,2026082104,45021,0.0,0.0,0.0,0,0,3000,baseline,,4950,127375
,,,,,,,10,0,1.0,0.0024242424242424242,0.0,88,12,0.0470750690434346,0.00930037899044386,4.70750690434346e-05,0.0024242424242424242,229221,0.8992162001004268,1290.27,107.5225,,2,,,2,0.0024242424242424242,0,0.77,0.0,3,0.03,2996.5127272727273,2996.5127272727273,0.0,0.0,Uniform random,baseline_uniform_random,gauss_markov,8.999784600331402,100,3000.0,3000.0,3000.0,3000.0,3000.0,3000.0,eval_stochastic,0,2026082105,uniform_random,baseline_protocols_B10_3000slot_3ep/N100/uniform_random,127409,254912,21242.666666666668,2026070908,2026082105,45088,0.0,0.0,0.0,0,0,3000,baseline,,4950,127503
,,,,,,,10,1709,0.654956591964466,0.4871602342694098,0.5268187422934648,1,3244,10.813333333333333,2.5295707917229073,0.010813333333333333,0.6553535353535354,257697,0.85899,1282.431,0.3953239827373613,,0,,,0,0.6553535353535354,0,0.0,31.50371662572836,100,1.0,1694.0810101010102,1694.0810101010102,0.0,0.0,baseline_wang2025_comm_tables,baseline_wang2025_comm_tables,gauss_markov,8.959538366796242,100,3000.0,3000.0,3000.0,3000.0,3000.0,3000.0,eval_stochastic,127477,2026091515,wang2025_comm_tables,baseline_protocols_B10_3000slot_3ep/N100/wang2025_comm_tables,172523,300000,92.47842170160295,2026070906,2026091515,0,0.0,0.0,0.0,0,0,3000,baseline,,4950,127477
,,,,,,,10,2678,0.5529215358931553,0.43418982695332986,0.8085748792270532,1,3312,11.04,2.5837737138470613,0.01104,0.6690909090909091,257290,0.8576333333333334,1281.846,0.3870307971014493,,1,,,1,0.6690909090909091,0,0.0,34.5467599956273,100,1.0,1632.240202020202,1632.240202020202,0.0,0.0,baseline_wang2025_comm_tables,baseline_wang2025_comm_tables,gauss_markov,8.602851045845988,100,3000.0,3000.0,3000.0,3000.0,3000.0,3000.0,eval_stochastic,127282,2026091516,wang2025_comm_tables,baseline_protocols_B10_3000slot_3ep/N100/wang2025_comm_tables,172718,300000,90.57971014492753,2026070907,2026091516,0,0.0,0.0,0.0,0,0,3000,baseline,,4950,127282
,,,,,,,10,1866,0.6287306008754476,0.4636150234741784,0.5905063291139241,1,3160,10.533333333333333,2.4658468506219635,0.010533333333333334,0.6383838383838384,256206,0.85402,1281.5069999999998,0.40554018987341767,,2,,,2,0.6383838383838384,0,0.0,28.012786923894616,100,1.0,1707.6658585858586,1707.6658585858586,0.0,0.0,baseline_wang2025_comm_tables,baseline_wang2025_comm_tables,gauss_markov,8.999784600331402,100,3000.0,3000.0,3000.0,3000.0,3000.0,3000.0,eval_stochastic,127169,2026091517,wang2025_comm_tables,baseline_protocols_B10_3000slot_3ep/N100/wang2025_comm_tables,172831,300000,94.9367088607595,2026070908,2026091517,0,0.0,0.0,0.0,0,0,3000,baseline,,4950,127169
,,,,,,,10,1211,0.7346044269121192,0.5440675215062489,0.3612768496420048,1,3352,11.173333333333334,2.61364522417154,0.011173333333333334,0.6771717171717172,247766,0.8258866666666667,1282.5,0.3826073985680191,,0,,,0,0.6771717171717172,0,0.0,45.105008861396314,100,1.0,1770.469696969697,1770.469696969697,0.0,0.0,Wang ISAC,baseline_wang2025_isac_no_collab,gauss_markov,8.959538366796242,100,3000.0,3000.0,3000.0,3000.0,3000.0,3000.0,eval_stochastic,127500,2026097972,wang2025_isac_no_collab,baseline_protocols_B10_3000slot_3ep/N100/wang2025_isac_no_collab,172500,300000,89.49880668257757,2026070906,2026097972,0,0.0,0.0,0.0,0,0,3000,baseline,,4950,127500
,,,,,,,10,1610,0.6796019900497512,0.520579268292683,0.47144948755490484,1,3415,11.383333333333335,2.663783696083731,0.011383333333333334,0.6898989898989899,246462,0.82154,1282.011,0.37540585651537334,,1,,,1,0.6898989898989899,0,0.0,43.17732824707312,100,1.0,1715.1167676767677,1715.1167676767677,0.0,0.0,Wang ISAC,baseline_wang2025_isac_no_collab,gauss_markov,8.602851045845988,100,3000.0,3000.0,3000.0,3000.0,3000.0,3000.0,eval_stochastic,127337,2026097973,wang2025_isac_no_collab,baseline_protocols_B10_3000slot_3ep/N100/wang2025_isac_no_collab,172663,300000,87.84773060029282,2026070907,2026097973,0,0.0,0.0,0.0,0,0,3000,baseline,,4950,127337
,,,,,,,10,1209,0.7345773874862788,0.5432700113654814,0.3613269575612672,1,3346,11.153333333333332,2.6072957527417127,0.011153333333333333,0.675959595959596,246177,0.82059,1283.322,0.38353915122534366,,2,,,2,0.675959595959596,0,0.0,39.33053987249184,100,1.0,1738.3280808080808,1738.3280808080808,0.0,0.0,Wang ISAC,baseline_wang2025_isac_no_collab,gauss_markov,8.999784600331402,100,3000.0,3000.0,3000.0,3000.0,3000.0,3000.0,eval_stochastic,127774,2026097974,wang2025_isac_no_collab,baseline_protocols_B10_3000slot_3ep/N100/wang2025_isac_no_collab,172226,300000,89.65929468021518,2026070908,2026097974,0,0.0,0.0,0.0,0,0,3000,baseline,,4950,127774
,,,,,,,10,1745,0.6544554455445545,0.4936519790888723,0.5279878971255674,1,3305,11.016666666666666,2.5770462761096504,0.011016666666666666,0.6676767676767676,258300,0.861,1282.4759999999999,0.3880411497730711,,0,,,0,0.6676767676767676,0,0.0,38.51203887672959,100,1.0,1684.2250505050506,1684.2250505050506,0.0,0.0,Wang ISAC+tables,baseline_wang2025_isac_tables,gauss_markov,8.959538366796242,100,3000.0,3000.0,3000.0,3000.0,3000.0,3000.0,eval_stochastic,127492,2026091345,wang2025_isac_tables,baseline_protocols_B10_3000slot_3ep/N100/wang2025_isac_tables,172508,300000,90.77155824508321,2026070906,2026091345,0,0.0,0.0,0.0,0,0,3000,baseline,,4950,127492
,,,,,,,10,2883,0.5313719115734721,0.41733690795352996,0.8819210767818905,1,3269,10.896666666666667,2.547765736486671,0.010896666666666667,0.6604040404040404,258464,0.8615466666666667,1283.085,0.3925007647598654,,1,,,1,0.6604040404040404,0,0.0,23.730394387812744,100,1.0,1633.6880808080807,1633.6880808080807,0.0,0.0,Wang ISAC+tables,baseline_wang2025_isac_tables,gauss_markov,8.602851045845988,100,3000.0,3000.0,3000.0,3000.0,3000.0,3000.0,eval_stochastic,127695,2026091346,wang2025_isac_tables,baseline_protocols_B10_3000slot_3ep/N100/wang2025_isac_tables,172305,300000,91.77118384827165,2026070907,2026091346,0,0.0,0.0,0.0,0,0,3000,baseline,,4950,127695
,,,,,,,10,2177,0.585806697108067,0.43201908236284553,0.7070477427736278,1,3079,10.263333333333332,2.400976298254438,0.010263333333333333,0.622020202020202,257044,0.8568133333333333,1282.395,0.4164972393634297,,2,,,2,0.622020202020202,0,0.0,27.406776734415125,100,1.0,1721.849292929293,1721.849292929293,0.0,0.0,Wang ISAC+tables,baseline_wang2025_isac_tables,gauss_markov,8.999784600331402,100,3000.0,3000.0,3000.0,3000.0,3000.0,3000.0,eval_stochastic,127465,2026091347,wang2025_isac_tables,baseline_protocols_B10_3000slot_3ep/N100/wang2025_isac_tables,172535,300000,97.4342318934719,2026070908,2026091347,0,0.0,0.0,0.0,0,0,3000,baseline,,4950,127465
,,,,,,,10,1443,0.4216432865731463,0.39430284857571213,1.3716730038022813,1,1052,7.298966211059461,1.5261826646249865,0.00729896621105946,0.8587755102040816,85720,0.5947408589467842,689.3014999999999,0.6552295627376425,,0,,,0,0.8587755102040816,5870,0.0,29.736399222539294,50,1.0,1045.1371428571429,1045.1371428571429,0.0,0.0,Collision-aware ISAC,baseline_collision_aware_isac,gauss_markov,7.847240852535467,50,3000.0,3000.0,3000.0,3000.0,3000.0,3000.0,eval_stochastic,144130,2026092826,collision_aware_isac,baseline_protocols_B10_3000slot_3ep/N50/collision_aware_isac,88473,144130,137.00570342205324,2026070906,2026092826,0,0.0,0.0,0.0,0,0,3000,baseline,,1225,55657
,,,,,,,10,1704,0.3774205334307636,0.35268009559576646,1.6495643756050338,1,1033,7.16694187353435,1.498168623011899,0.00716694187353435,0.843265306122449,81163,0.5631079412213634,689.5085,0.6674816069699904,,1,,,1,0.843265306122449,5866,0.0,29.612844135495056,50,1.0,1044.2579591836734,1044.2579591836734,0.0,0.0,Collision-aware ISAC,baseline_collision_aware_isac,gauss_markov,8.236676200775072,50,3000.0,3000.0,3000.0,3000.0,3000.0,3000.0,eval_stochastic,144134,2026092827,collision_aware_isac,baseline_protocols_B10_3000slot_3ep/N50/collision_aware_isac,88381,144134,139.5295256534366,2026070907,2026092827,0,0.0,0.0,0.0,0,0,3000,baseline,,1225,55753
,,,,,,,10,1566,0.39884836852207295,0.3722680042995342,1.507218479307026,1,1039,7.209320075770717,1.5073257263434912,0.007209320075770717,0.8481632653061224,83751,0.5811239323059416,689.30025,0.6634266121270452,,2,,,2,0.8481632653061224,5881,0.0,32.249746621095944,50,1.0,1044.5910204081633,1044.5910204081633,0.0,0.0,Collision-aware ISAC,baseline_collision_aware_isac,gauss_markov,8.617089461675262,50,3000.0,3000.0,3000.0,3000.0,3000.0,3000.0,eval_stochastic,144119,2026092828,collision_aware_isac,baseline_protocols_B10_3000slot_3ep/N50/collision_aware_isac,88442,144119,138.70933589990375,2026070908,2026092828,0,0.0,0.0,0.0,0,0,3000,baseline,,1225,55677
,,,,,,,10,2018,0.34009156311314587,0.32069071847055197,1.9403846153846154,1,1040,7.219364557085043,1.4299114795424697,0.007219364557085043,0.8489795918367347,85795,0.5955628674760685,727.3177499999999,0.6993439903846154,,0,,,0,0.8489795918367347,5943,0.0,30.559922018475774,50,1.0,1047.3991836734695,1047.3991836734695,0.0,0.0,Rule ISAC,baseline_improved_rl_isac,gauss_markov,7.847240852535467,50,3000.0,3000.0,3000.0,3000.0,3000.0,3000.0,eval_stochastic,144057,2026085128,improved_rl_isac,baseline_protocols_B10_3000slot_3ep/N50/improved_rl_isac,69255,144057,138.51634615384614,2026070906,2026085128,0,0.0,0.0,0.0,0,0,3000,baseline,,1225,74802
,,,,,,,10,2279,0.31148036253776434,0.2942351598173516,2.2104752667313288,1,1031,7.1537607549264495,1.4173301953193735,0.00715376075492645,0.8416326530612245,80827,0.5608312517346655,727.424,0.7055518913676042,,1,,,1,0.8416326530612245,5880,0.0,30.70776079135468,50,1.0,1024.5420408163266,1024.5420408163266,0.0,0.0,Rule ISAC,baseline_improved_rl_isac,gauss_markov,8.236676200775072,50,3000.0,3000.0,3000.0,3000.0,3000.0,3000.0,eval_stochastic,144120,2026085129,improved_rl_isac,baseline_protocols_B10_3000slot_3ep/N50/improved_rl_isac,69383,144120,139.7866149369544,2026070907,2026085129,0,0.0,0.0,0.0,0,0,3000,baseline,,1225,74737
,,,,,,,10,1991,0.3446346280447663,0.3255597014925373,1.9016236867239733,1,1047,7.263922518159807,1.4381912581460587,0.007263922518159807,0.8546938775510204,83491,0.5792475214552821,727.99775,0.6953178127984718,,2,,,2,0.8546938775510204,5863,0.0,32.76337647323276,50,1.0,1009.0097959183673,1009.0097959183673,0.0,0.0,Rule ISAC,baseline_improved_rl_isac,gauss_markov,8.617089461675262,50,3000.0,3000.0,3000.0,3000.0,3000.0,3000.0,eval_stochastic,144137,2026085130,improved_rl_isac,baseline_protocols_B10_3000slot_3ep/N50/improved_rl_isac,69145,144137,137.66666666666666,2026070908,2026085130,0,0.0,0.0,0.0,0,0,3000,baseline,,1225,74992
,,,,,,,10,2345,0.29685157421289354,0.2773109243697479,2.3686868686868685,1,990,6.875477463712758,1.3611007042665009,0.006875477463712758,0.8081632653061225,80834,0.5613862073755121,727.3525,0.7346994949494949,,0,,,0,0.8081632653061225,6010,0.0,27.62102613003011,50,1.0,1075.6644897959184,1075.6644897959184,0.0,0.0,baseline_improved_rl_isac_tables,baseline_improved_rl_isac_tables,gauss_markov,7.847240852535467,50,3000.0,3000.0,3000.0,3000.0,3000.0,3000.0,eval_stochastic,143990,2026099769,improved_rl_isac_tables,baseline_protocols_B10_3000slot_3ep/N50/improved_rl_isac_tables,69045,143990,145.44444444444446,2026070906,2026099769,0,0.0,0.0,0.0,0,0,3000,baseline,,1225,74945
,,,,,,,10,2808,0.26260504201680673,0.24795437639474338,2.808,1,1000,6.946422245222598,1.3727509620410336,0.006946422245222598,0.8163265306122449,75591,0.5250870039386214,728.46425,0.72846425,,1,,,1,0.8163265306122449,6041,0.0,30.409925008032552,50,1.0,1008.1085714285714,1008.1085714285714,0.0,0.0,baseline_improved_rl_isac_tables,baseline_improved_rl_isac_tables,gauss_markov,8.236676200775072,50,3000.0,3000.0,3000.0,3000.0,3000.0,3000.0,eval_stochastic,143959,2026099770,improved_rl_isac_tables,baseline_protocols_B10_3000slot_3ep/N50/improved_rl_isac_tables,68400,143959,143.959,2026070907,2026099770,0,0.0,0.0,0.0,0,0,3000,baseline,,1225,75559
,,,,,,,10,2663,0.2714090287277702,0.2551440329218107,2.684475806451613,1,992,6.887645286267757,1.3636348015547086,0.006887645286267757,0.809795918367347,77369,0.5371877299931956,727.4675,0.7333341733870967,,2,,,2,0.809795918367347,5974,0.0,30.87163804628513,50,1.0,1039.8995918367348,1039.8995918367348,0.0,0.0,baseline_improved_rl_isac_tables,baseline_improved_rl_isac_tables,gauss_markov,8.617089461675262,50,3000.0,3000.0,3000.0,3000.0,3000.0,3000.0,eval_stochastic,144026,2026099771,improved_rl_isac_tables,baseline_protocols_B10_3000slot_3ep/N50/improved_rl_isac_tables,69091,144026,145.1875,2026070908,2026099771,0,0.0,0.0,0.0,0,0,3000,baseline,,1225,74935
,,,,,,,10,0,1.0,0.0024489795918367346,0.0,47,3,0.020403305335464344,0.004996500367867339,2.0403305335464345e-05,0.0024489795918367346,138509,0.9420138062366104,600.42025,200.14008333333334,,0,,,0,0.0024489795918367346,2965,0.88,0.0,2,0.04,2997.5020408163264,2997.5020408163264,0.0,0.0,baseline_improved_rl_no_isac,baseline_improved_rl_no_isac,gauss_markov,7.847240852535467,50,3000.0,3000.0,3000.0,3000.0,3000.0,3000.0,eval_stochastic,0,2026090785,improved_rl_no_isac,baseline_protocols_B10_3000slot_3ep/N50/improved_rl_no_isac,67748,147035,49011.666666666664,2026070906,2026090785,0,0.0,0.0,0.0,0,0,3000,baseline,,1225,79287
,,,,,,,10,0,1.0,0.005714285714285714,0.0,43,7,0.04766736351812381,0.0116684120666383,4.7667363518123815e-05,0.005714285714285714,138102,0.940422605225705,599.91025,85.7014642857143,,1,,,1,0.005714285714285714,3149,0.72,0.0,2,0.04,2992.3714285714286,2992.3714285714286,0.0,0.0,baseline_improved_rl_no_isac,baseline_improved_rl_no_isac,gauss_markov,8.236676200775072,50,3000.0,3000.0,3000.0,3000.0,3000.0,3000.0,eval_stochastic,0,2026090786,improved_rl_no_isac,baseline_protocols_B10_3000slot_3ep/N50/improved_rl_no_isac,67566,146851,20978.714285714286,2026070907,2026090786,0,0.0,0.0,0.0,0,0,3000,baseline,,1225,79285
,,,,,,,10,0,1.0,0.0024489795918367346,0.0,47,3,0.020429426545996852,0.004998440070161437,2.0429426545996854e-05,0.0024489795918367346,138134,0.9406661355015765,600.18725,200.06241666666665,,2,,,2,0.0024489795918367346,3153,0.88,0.0,2,0.04,2996.3518367346937,2996.3518367346937,0.0,0.0,baseline_improved_rl_no_isac,baseline_improved_rl_no_isac,gauss_markov,8.617089461675262,50,3000.0,3000.0,3000.0,3000.0,3000.0,3000.0,eval_stochastic,0,2026090787,improved_rl_no_isac,baseline_protocols_B10_3000slot_3ep/N50/improved_rl_no_isac,67418,146847,48949.0,2026070908,2026090787,0,0.0,0.0,0.0,0,0,3000,baseline,,1225,79429
,,,,,,,10,0,1.0,0.004081632653061225,0.0,45,5,0.03703155088135091,0.009202832263657463,3.703155088135091e-05,0.004081632653061225,127216,0.9422011553843875,543.311,108.66220000000001,,0,,,0,0.004081632653061225,14980,0.82,0.0,3,0.06,2995.719183673469,2995.719183673469,0.0,0.0,baseline_rl_no_isac,baseline_rl_no_isac,gauss_markov,7.847240852535467,50,3000.0,3000.0,3000.0,3000.0,3000.0,3000.0,eval_stochastic,0,2026076604,rl_no_isac,baseline_protocols_B10_3000slot_3ep/N50/rl_no_isac,67767,135020,27004.0,2026070906,2026076604,0,0.0,0.0,0.0,0,0,3000,baseline,,1225,67253
,,,,,,,10,0,1.0,0.0016326530612244899,0.0,48,2,0.014816241564002458,0.003678930534893506,1.4816241564002459e-05,0.0016326530612244899,126838,0.939631223747472,543.63625,271.818125,,1,,,1,0.0016326530612244899,15013,0.92,0.0,2,0.04,2996.4318367346937,2996.4318367346937,0.0,0.0,baseline_rl_no_isac,baseline_rl_no_isac,gauss_markov,8.236676200775072,50,3000.0,3000.0,3000.0,3000.0,3000.0,3000.0,eval_stochastic,0,2026076605,rl_no_isac,baseline_protocols_B10_3000slot_3ep/N50/rl_no_isac,67526,134987,67493.5,2026070907,2026076605,0,0.0,0.0,0.0,0,0,3000,baseline,,1225,67461
,,,,,,,10,0,1.0,0.0032653061224489797,0.0,46,4,0.029647637824456338,0.007353231791329988,2.9647637824456336e-05,0.0032653061224489797,126978,0.9411494389184542,543.9785,135.994625,,2,,,2,0.0032653061224489797,15082,0.84,0.0,2,0.04,2996.5681632653063,2996.5681632653063,0.0,0.0,baseline_rl_no_isac,baseline_rl_no_isac,gauss_markov,8.617089461675262,50,3000.0,3000.0,3000.0,3000.0,3000.0,3000.0,eval_stochastic,0,2026076606,rl_no_isac,baseline_protocols_B10_3000slot_3ep/N50/rl_no_isac,67191,134918,33729.5,2026070908,2026076606,0,0.0,0.0,0.0,0,0,3000,baseline,,1225,67727
,,,,,,,10,0,1.0,0.004081632653061225,0.0,45,5,0.03333333333333333,0.008333333333333333,3.3333333333333335e-05,0.004081632653061225,141322,0.9421466666666667,600.0,120.0,,0,,,0,0.004081632653061225,0,0.86,-3.626843612017859e-16,5,0.1,2993.4710204081634,2993.4710204081634,0.0,0.0,baseline_skyorbs_like_skip_scan,baseline_skyorbs_like_skip_scan,gauss_markov,7.847240852535467,50,3000.0,3000.0,3000.0,3000.0,3000.0,3000.0,eval_stochastic,0,2026097542,skyorbs_like_skip_scan,baseline_protocols_B10_3000slot_3ep/N50/skyorbs_like_skip_scan,75000,150000,30000.0,2026070906,2026097542,0,0.0,0.0,0.0,0,0,3000,baseline,,1225,75000
,,,,,,,10,0,1.0,0.0024489795918367346,0.0,47,3,0.02,0.005,2e-05,0.0024489795918367346,141223,0.9414866666666667,600.0,200.0,,1,,,1,0.0024489795918367346,0,0.88,0.0,2,0.04,2995.5885714285714,2995.5885714285714,0.0,0.0,baseline_skyorbs_like_skip_scan,baseline_skyorbs_like_skip_scan,gauss_markov,8.236676200775072,50,3000.0,3000.0,3000.0,3000.0,3000.0,3000.0,eval_stochastic,0,2026097543,skyorbs_like_skip_scan,baseline_protocols_B10_3000slot_3ep/N50/skyorbs_like_skip_scan,75000,150000,50000.0,2026070907,2026097543,0,0.0,0.0,0.0,0,0,3000,baseline,,1225,75000
,,,,,,,10,0,1.0,0.0024489795918367346,0.0,47,3,0.02,0.005,2e-05,0.0024489795918367346,140950,0.9396666666666667,600.0,200.0,,2,,,2,0.0024489795918367346,0,0.9,0.0,3,0.06,2995.917551020408,2995.917551020408,0.0,0.0,baseline_skyorbs_like_skip_scan,baseline_skyorbs_like_skip_scan,gauss_markov,8.617089461675262,50,3000.0,3000.0,3000.0,3000.0,3000.0,3000.0,eval_stochastic,0,2026097544,skyorbs_like_skip_scan,baseline_protocols_B10_3000slot_3ep/N50/skyorbs_like_skip_scan,75000,150000,50000.0,2026070908,2026097544,0,0.0,0.0,0.0,0,0,3000,baseline,,1225,75000
,,,,,,,10,0,1.0,0.0016326530612244899,0.0,48,2,0.01569439866911499,0.0031038935240365515,1.5694398669114993e-05,0.0016326530612244899,119980,0.9415069761602084,644.352,322.176,,0,,,0,0.0016326530612244899,0,0.92,0.0,2,0.04,2998.751020408163,2998.751020408163,0.0,0.0,Uniform random,baseline_uniform_random,gauss_markov,7.847240852535467,50,3000.0,3000.0,3000.0,3000.0,3000.0,3000.0,eval_stochastic,0,2026082103,uniform_random,baseline_protocols_B10_3000slot_3ep/N50/uniform_random,64107,127434,63717.0,2026070906,2026082103,22566,0.0,0.0,0.0,0,0,3000,baseline,,1225,63327
,,,,,,,10,0,1.0,0.0032653061224489797,0.0,46,4,0.031377963256405024,0.006203531670580061,3.137796325640503e-05,0.0032653061224489797,119901,0.9405622931015548,644.794,161.1985,,1,,,1,0.0032653061224489797,0,0.84,0.0,2,0.04,2993.313469387755,2993.313469387755,0.0,0.0,Uniform random,baseline_uniform_random,gauss_markov,8.236676200775072,50,3000.0,3000.0,3000.0,3000.0,3000.0,3000.0,eval_stochastic,0,2026082104,uniform_random,baseline_protocols_B10_3000slot_3ep/N50/uniform_random,63864,127478,31869.5,2026070907,2026082104,22522,0.0,0.0,0.0,0,0,3000,baseline,,1225,63614
,,,,,,,10,0,1.0,0.0032653061224489797,0.0,46,4,0.03138239447669857,0.006198840196999141,3.138239447669857e-05,0.0032653061224489797,119722,0.9392907578848266,645.282,161.3205,,2,,,2,0.0032653061224489797,0,0.86,0.0,3,0.06,2993.5689795918365,2993.5689795918365,0.0,0.0,Uniform random,baseline_uniform_random,gauss_markov,8.617089461675262,50,3000.0,3000.0,3000.0,3000.0,3000.0,3000.0,eval_stochastic,0,2026082105,uniform_random,baseline_protocols_B10_3000slot_3ep/N50/uniform_random,63629,127460,31865.0,2026070908,2026082105,22540,0.0,0.0,0.0,0,0,3000,baseline,,1225,63831
,,,,,,,10,304,0.7425910245554614,0.5735775016350556,0.346636259977195,1,877,5.846666666666667,1.3681341738700412,0.005846666666666667,0.7159183673469388,135444,0.90296,641.019,0.7309224629418473,,0,,,0,0.7159183673469388,0,0.0,19.56370389297613,50,1.0,1599.72,1599.72,0.0,0.0,baseline_wang2025_comm_tables,baseline_wang2025_comm_tables,gauss_markov,7.847240852535467,50,3000.0,3000.0,3000.0,3000.0,3000.0,3000.0,eval_stochastic,63673,2026091515,wang2025_comm_tables,baseline_protocols_B10_3000slot_3ep/N50/wang2025_comm_tables,86327,150000,171.0376282782212,2026070906,2026091515,0,0.0,0.0,0.0,0,0,3000,baseline,,1225,63673
,,,,,,,10,344,0.7261146496815286,0.5812619502868069,0.37719298245614036,1,912,6.08,1.4227480565916761,0.00608,0.7444897959183674,135031,0.9002066666666667,641.0129999999999,0.7028651315789473,,1,,,1,0.7444897959183674,0,0.0,24.566496921281274,50,1.0,1456.646530612245,1456.646530612245,0.0,0.0,baseline_wang2025_comm_tables,baseline_wang2025_comm_tables,gauss_markov,8.236676200775072,50,3000.0,3000.0,3000.0,3000.0,3000.0,3000.0,eval_stochastic,63671,2026091516,wang2025_comm_tables,baseline_protocols_B10_3000slot_3ep/N50/wang2025_comm_tables,86329,150000,164.47368421052633,2026070907,2026091516,0,0.0,0.0,0.0,0,0,3000,baseline,,1225,63671
,,,,,,,10,309,0.7444168734491315,0.5867014341590613,0.3433333333333333,1,900,6.0,1.4045272595332288,0.006,0.7346938775510204,135121,0.9008066666666666,640.785,0.7119833333333333,,2,,,2,0.7346938775510204,0,0.0,22.181417081531027,50,1.0,1496.0848979591838,1496.0848979591838,0.0,0.0,baseline_wang2025_comm_tables,baseline_wang2025_comm_tables,gauss_markov,8.617089461675262,50,3000.0,3000.0,3000.0,3000.0,3000.0,3000.0,eval_stochastic,63595,2026091517,wang2025_comm_tables,baseline_protocols_B10_3000slot_3ep/N50/wang2025_comm_tables,86405,150000,166.66666666666666,2026070908,2026091517,0,0.0,0.0,0.0,0,0,3000,baseline,,1225,63595
,,,,,,,10,207,0.8138489208633094,0.6319832402234636,0.2287292817679558,1,905,6.033333333333333,1.411702310200134,0.006033333333333333,0.7387755102040816,132783,0.88522,641.07,0.708364640883978,,0,,,0,0.7387755102040816,0,0.0,20.697678183498738,50,1.0,1631.0391836734693,1631.0391836734693,0.0,0.0,Wang ISAC,baseline_wang2025_isac_no_collab,gauss_markov,7.847240852535467,50,3000.0,3000.0,3000.0,3000.0,3000.0,3000.0,eval_stochastic,63690,2026097972,wang2025_isac_no_collab,baseline_protocols_B10_3000slot_3ep/N50/wang2025_isac_no_collab,86310,150000,165.74585635359117,2026070906,2026097972,0,0.0,0.0,0.0,0,0,3000,baseline,,1225,63690
,,,,,,,10,255,0.7855340622371741,0.6310810810810811,0.27301927194860814,1,934,6.226666666666667,1.4557946550203094,0.006226666666666667,0.7624489795918368,132047,0.8803133333333333,641.5740000000001,0.6869100642398288,,1,,,1,0.7624489795918368,0,0.0,23.866126405132793,50,1.0,1490.6946938775511,1490.6946938775511,0.0,0.0,Wang ISAC,baseline_wang2025_isac_no_collab,gauss_markov,8.236676200775072,50,3000.0,3000.0,3000.0,3000.0,3000.0,3000.0,eval_stochastic,63858,2026097973,wang2025_isac_no_collab,baseline_protocols_B10_3000slot_3ep/N50/wang2025_isac_no_collab,86142,150000,160.59957173447538,2026070907,2026097973,0,0.0,0.0,0.0,0,0,3000,baseline,,1225,63858
,,,,,,,10,251,0.7836206896551724,0.6158536585365854,0.2761276127612761,1,909,6.0600000000000005,1.4142357059509918,0.00606,0.7420408163265306,131785,0.8785666666666667,642.75,0.7070957095709571,,2,,,2,0.7420408163265306,0,0.0,20.641096293443834,50,1.0,1567.057142857143,1567.057142857143,0.0,0.0,Wang ISAC,baseline_wang2025_isac_no_collab,gauss_markov,8.617089461675262,50,3000.0,3000.0,3000.0,3000.0,3000.0,3000.0,eval_stochastic,64250,2026097974,wang2025_isac_no_collab,baseline_protocols_B10_3000slot_3ep/N50/wang2025_isac_no_collab,85750,150000,165.01650165016503,2026070908,2026097974,0,0.0,0.0,0.0,0,0,3000,baseline,,1225,64250
,,,,,,,10,239,0.7901668129938543,0.6147540983606558,0.26555555555555554,1,900,6.0,1.4032724313098146,0.006,0.7346938775510204,136009,0.9067266666666667,641.358,0.7126199999999999,,0,,,0,0.7346938775510204,0,0.0,24.717631254025846,50,1.0,1522.795918367347,1522.795918367347,0.0,0.0,Wang ISAC+tables,baseline_wang2025_isac_tables,gauss_markov,7.847240852535467,50,3000.0,3000.0,3000.0,3000.0,3000.0,3000.0,eval_stochastic,63786,2026091345,wang2025_isac_tables,baseline_protocols_B10_3000slot_3ep/N50/wang2025_isac_tables,86214,150000,166.66666666666666,2026070906,2026091345,0,0.0,0.0,0.0,0,0,3000,baseline,,1225,63786
,,,,,,,10,428,0.6745247148288973,0.5366001209921355,0.48252536640360766,1,887,5.913333333333333,1.3835336103520133,0.005913333333333333,0.7240816326530612,135614,0.9040933333333333,641.1120000000001,0.7227869222096956,,1,,,1,0.7240816326530612,0,0.0,23.210259578845157,50,1.0,1454.1077551020408,1454.1077551020408,0.0,0.0,Wang ISAC+tables,baseline_wang2025_isac_tables,gauss_markov,8.236676200775072,50,3000.0,3000.0,3000.0,3000.0,3000.0,3000.0,eval_stochastic,63704,2026091346,wang2025_isac_tables,baseline_protocols_B10_3000slot_3ep/N50/wang2025_isac_tables,86296,150000,169.10935738444195,2026070907,2026091346,0,0.0,0.0,0.0,0,0,3000,baseline,,1225,63704
,,,,,,,10,334,0.7317269076305221,0.5843489416292496,0.36663007683863885,1,911,6.073333333333333,1.420609599016957,0.006073333333333333,0.7436734693877551,135503,0.9033533333333333,641.274,0.7039231613611416,,2,,,2,0.7436734693877551,0,0.0,20.47418265537263,50,1.0,1450.7820408163266,1450.7820408163266,0.0,0.0,Wang ISAC+tables,baseline_wang2025_isac_tables,gauss_markov,8.617089461675262,50,3000.0,3000.0,3000.0,3000.0,3000.0,3000.0,eval_stochastic,63758,2026091347,wang2025_isac_tables,baseline_protocols_B10_3000slot_3ep/N50/wang2025_isac_tables,86242,150000,164.6542261251372,2026070908,2026091347,0,0.0,0.0,0.0,0,0,3000,baseline,,1225,63758
,,,,,,,15,35441,0.10936596888900058,0.10774677527171894,8.143612132352942,1,4352,15.115047321351046,3.192317898234231,0.015115047321351046,0.8791919191919192,79062,0.27459234175566555,1363.2727499999999,0.3132520105698529,,0,,,0,0.8791919191919192,12075,0.0,65.43633350562045,100,1.0,926.2513131313132,926.2513131313132,0.0,0.0,Collision-aware ISAC,baseline_collision_aware_isac,gauss_markov,9.132826299026334,100,3000.0,3000.0,3000.0,3000.0,3000.0,3000.0,eval_stochastic,287925,2026092870,collision_aware_isac,baseline_protocols_B15_3000slot_2ep/N100/collision_aware_isac,183648,287925,66.15923713235294,2026070950,2026092870,0,0.0,0.0,0.0,0,0,3000,baseline,,4950,104277
,,,,,,,15,29567,0.1267351881386969,0.12431555465422835,6.890468422279189,1,4291,14.897443375133664,3.141764528006806,0.014897443375133664,0.8668686868686869,78853,0.27376091877404213,1365.7930000000001,0.3182924726171056,,1,,,1,0.8668686868686869,11964,0.0,63.80528548499318,100,1.0,966.9545454545455,966.9545454545455,0.0,0.0,Collision-aware ISAC,baseline_collision_aware_isac,gauss_markov,8.961216899733436,100,3000.0,3000.0,3000.0,3000.0,3000.0,3000.0,eval_stochastic,288036,2026092871,collision_aware_isac,baseline_protocols_B15_3000slot_2ep/N100/collision_aware_isac,182707,288036,67.12561174551387,2026070951,2026092871,0,0.0,0.0,0.0,0,0,3000,baseline,,4950,105329
,,,,,,,15,48786,0.08160614446264189,0.0806721750781599,11.253979238754326,1,4335,15.052919606644814,2.9786812996532777,0.015052919606644814,0.8757575757575757,79334,0.2754805822545697,1455.3419999999999,0.33571903114186846,,0,,,0,0.8757575757575757,12016,0.0,66.06742411835017,100,1.0,950.5363636363636,950.5363636363636,0.0,0.0,Rule ISAC,baseline_improved_rl_isac,gauss_markov,9.132826299026334,100,3000.0,3000.0,3000.0,3000.0,3000.0,3000.0,eval_stochastic,287984,2026085172,improved_rl_isac,baseline_protocols_B15_3000slot_2ep/N100/improved_rl_isac,137783,287984,66.4322952710496,2026070950,2026085172,0,0.0,0.0,0.0,0,0,3000,baseline,,4950,150201
,,,,,,,15,40664,0.09561194760136112,0.09424738019029245,9.458943940451269,1,4299,14.913309235220247,2.9516175708784718,0.014913309235220247,0.8684848484848485,79192,0.2747184891731942,1456.4895000000001,0.3387972784368458,,1,,,1,0.8684848484848485,11734,0.0,61.26417881797174,100,1.0,991.5565656565657,991.5565656565657,0.0,0.0,Rule ISAC,baseline_improved_rl_isac,gauss_markov,8.961216899733436,100,3000.0,3000.0,3000.0,3000.0,3000.0,3000.0,eval_stochastic,288266,2026085173,improved_rl_isac,baseline_protocols_B15_3000slot_2ep/N100/improved_rl_isac,138020,288266,67.05419865084903,2026070951,2026085173,0,0.0,0.0,0.0,0,0,3000,baseline,,4950,150246
,,,,,,,15,0,1.0,0.013333333333333334,0.0,35,66,0.2588113500541151,0.051163663256272585,0.0002588113500541151,0.013333333333333334,212385,0.8328431603218672,1289.978,19.545121212121213,,0,,,0,0.013333333333333334,0,0.28,-8.666448552966918e-16,58,0.58,2981.8636363636365,2981.8636363636365,0.0,0.0,Uniform random,baseline_uniform_random,gauss_markov,9.132826299026334,100,3000.0,3000.0,3000.0,3000.0,3000.0,3000.0,eval_stochastic,0,2026082147,uniform_random,baseline_protocols_B15_3000slot_2ep/N100/uniform_random,127505,255012,3863.818181818182,2026070950,2026082147,44988,0.0,0.0,0.0,0,0,3000,baseline,,4950,127507
,,,,,,,15,0,1.0,0.013333333333333334,0.0,38,66,0.2587535137551016,0.05117393788879593,0.0002587535137551016,0.013333333333333334,211206,0.82803476706303,1289.719,19.54119696969697,,1,,,1,0.013333333333333334,0,0.25,-9.047293045224297e-16,39,0.39,2979.1757575757574,2979.1757575757574,0.0,0.0,Uniform random,baseline_uniform_random,gauss_markov,8.961216899733436,100,3000.0,3000.0,3000.0,3000.0,3000.0,3000.0,eval_stochastic,0,2026082148,uniform_random,baseline_protocols_B15_3000slot_2ep/N100/uniform_random,127606,255069,3864.681818181818,2026070951,2026082148,44931,0.0,0.0,0.0,0,0,3000,baseline,,4950,127463
,,,,,,,15,16401,0.21065550101068437,0.20500210762961923,3.747087045921864,1,4377,14.59,3.41356018651749,0.01459,0.8842424242424243,224735,0.7491166666666667,1282.239,0.2929492803289925,,0,,,0,0.8842424242424243,0,0.0,71.57707747261038,100,1.0,992.6711111111111,992.6711111111111,0.0,0.0,Wang ISAC,baseline_wang2025_isac_no_collab,gauss_markov,9.132826299026334,100,3000.0,3000.0,3000.0,3000.0,3000.0,3000.0,eval_stochastic,127413,2026098016,wang2025_isac_no_collab,baseline_protocols_B15_3000slot_2ep/N100/wang2025_isac_no_collab,172587,300000,68.54009595613434,2026070950,2026098016,0,0.0,0.0,0.0,0,0,3000,baseline,,4950,127413
,,,,,,,15,12665,0.2565306721455826,0.2480840193017315,2.898169336384439,1,4370,14.566666666666666,3.4115171883477564,0.014566666666666667,0.8828282828282829,222720,0.7424,1280.955,0.29312471395881007,,1,,,1,0.8828282828282829,0,0.0,68.979183440224,100,1.0,1019.4387878787879,1019.4387878787879,0.0,0.0,Wang ISAC,baseline_wang2025_isac_no_collab,gauss_markov,8.961216899733436,100,3000.0,3000.0,3000.0,3000.0,3000.0,3000.0,eval_stochastic,126985,2026098017,wang2025_isac_no_collab,baseline_protocols_B15_3000slot_2ep/N100/wang2025_isac_no_collab,173015,300000,68.64988558352402,2026070951,2026098017,0,0.0,0.0,0.0,0,0,3000,baseline,,4950,126985
,,,,,,,15,24704,0.1452494637049339,0.14156606191407567,5.884707003334921,1,4198,13.993333333333334,3.27770295329,0.013993333333333333,0.8480808080808081,241341,0.80447,1280.775,0.30509171033825633,,0,,,0,0.8480808080808081,0,0.0,62.003179843135726,100,1.0,982.9909090909091,982.9909090909091,0.0,0.0,Wang ISAC+tables,baseline_wang2025_isac_tables,gauss_markov,9.132826299026334,100,3000.0,3000.0,3000.0,3000.0,3000.0,3000.0,eval_stochastic,126925,2026091389,wang2025_isac_tables,baseline_protocols_B15_3000slot_2ep/N100/wang2025_isac_tables,173075,300000,71.46260123868508,2026070950,2026091389,0,0.0,0.0,0.0,0,0,3000,baseline,,4950,126925
,,,,,,,15,19772,0.1695228494623656,0.16325540004853975,4.898909811694748,1,4036,13.453333333333333,3.1476043969756167,0.013453333333333333,0.8153535353535354,238955,0.7965166666666667,1282.2450000000001,0.31770193260654117,,1,,,1,0.8153535353535354,0,0.0,52.85589006133887,100,1.0,1087.1949494949495,1087.1949494949495,0.0,0.0,Wang ISAC+tables,baseline_wang2025_isac_tables,gauss_markov,8.961216899733436,100,3000.0,3000.0,3000.0,3000.0,3000.0,3000.0,eval_stochastic,127415,2026091390,wang2025_isac_tables,baseline_protocols_B15_3000slot_2ep/N100/wang2025_isac_tables,172585,300000,74.33102081268582,2026070951,2026091390,0,0.0,0.0,0.0,0,0,3000,baseline,,4950,127415
,,,,,,,15,12890,0.07935147489465039,0.07871059156925257,11.602160216021602,1,1111,7.717582333613509,1.6305223211681352,0.00771758233361351,0.9069387755102041,52815,0.3668803878936071,681.3767499999999,0.613300405040504,,0,,,0,0.9069387755102041,6043,0.0,35.6675238899323,50,1.0,695.741224489796,695.741224489796,0.0,0.0,Collision-aware ISAC,baseline_collision_aware_isac,gauss_markov,9.58420231416756,50,2536.4000000000156,2536.4000000000156,3000.0,3000.0,3000.0,3000.0,eval_stochastic,143957,2026092870,collision_aware_isac,baseline_protocols_B15_3000slot_2ep/N50/collision_aware_isac,91938,143957,129.5742574257426,2026070950,2026092870,0,0.0,0.0,0.0,0,0,3000,baseline,,1225,52019
,,,,,,,15,11039,0.09241141165830798,0.09165035877364644,9.8211743772242,1,1124,7.80317125322818,1.6451533110174046,0.00780317125322818,0.9175510204081633,53550,0.37176140623698317,683.2189999999999,0.6078460854092527,,1,,,1,0.9175510204081633,5956,0.0,37.571919236161605,50,1.0,667.3951020408164,667.3951020408164,0.0,0.0,Collision-aware ISAC,baseline_collision_aware_isac,gauss_markov,8.87389490627308,50,2303.000000000002,2303.000000000002,3000.0,3000.0,3000.0,3000.0,eval_stochastic,144044,2026092871,collision_aware_isac,baseline_protocols_B15_3000slot_2ep/N50/collision_aware_isac,91267,144044,128.15302491103202,2026070951,2026092871,0,0.0,0.0,0.0,0,0,3000,baseline,,1225,52777
,,,,,,,15,18080,0.057989892148179026,0.057653457653457654,16.244384546271338,1,1113,7.731206846251094,1.5300199397477325,0.007731206846251094,0.9085714285714286,52360,0.3637070893708062,727.4414999999999,0.6535862533692721,,0,,,0,0.9085714285714286,6038,0.0,29.868312916296112,50,1.0,692.0089795918367,692.0089795918367,0.0,0.0,Rule ISAC,baseline_improved_rl_isac,gauss_markov,9.58420231416756,50,2673.600000000002,2673.600000000002,3000.0,3000.0,3000.0,3000.0,eval_stochastic,143962,2026085172,improved_rl_isac,baseline_protocols_B15_3000slot_2ep/N50/improved_rl_isac,68920,143962,129.34591194968553,2026070950,2026085172,0,0.0,0.0,0.0,0,0,3000,baseline,,1225,75042
,,,,,,,15,15983,0.06619537275064268,0.06584146908414691,14.106796116504855,1,1133,7.8640689095111505,1.5564474944526656,0.00786406890951115,0.9248979591836735,53008,0.3679245937823187,727.9397500000001,0.6424887466902031,,1,,,1,0.9248979591836735,5927,0.0,37.74249691806628,50,1.0,665.3142857142857,665.3142857142857,0.0,0.0,Rule ISAC,baseline_improved_rl_isac,gauss_markov,8.87389490627308,50,2209.600000000001,2209.600000000001,3000.0,3000.0,3000.0,3000.0,eval_stochastic,144073,2026085173,improved_rl_isac,baseline_protocols_B15_3000slot_2ep/N50/improved_rl_isac,68990,144073,127.16063548102383,2026070951,2026085173,0,0.0,0.0,0.0,0,0,3000,baseline,,1225,75083
,,,,,,,15,0,1.0,0.013877551020408163,0.0,33,17,0.13330092291286041,0.026364723379771433,0.0001333009229128604,0.013877551020408163,113743,0.8918851102869106,644.801,37.9294705882353,,0,,,0,0.013877551020408163,0,0.5,-6.456911168180843e-16,11,0.22,2976.54693877551,2976.54693877551,0.0,0.0,Uniform random,baseline_uniform_random,gauss_markov,9.58420231416756,50,3000.0,3000.0,3000.0,3000.0,3000.0,3000.0,eval_stochastic,0,2026082147,uniform_random,baseline_protocols_B15_3000slot_2ep/N50/uniform_random,63834,127531,7501.823529411765,2026070950,2026082147,22469,0.0,0.0,0.0,0,0,3000,baseline,,1225,63697
,,,,,,,15,0,1.0,0.0163265306122449,0.0,30,20,0.15667228075672712,0.031025501410884677,0.00015667228075672712,0.0163265306122449,113739,0.8909874270494693,644.631,32.23155,,1,,,1,0.0163265306122449,0,0.38,-5.919391628417911e-16,5,0.1,2971.5991836734693,2971.5991836734693,0.0,0.0,Uniform random,baseline_uniform_random,gauss_markov,8.87389490627308,50,3000.0,3000.0,3000.0,3000.0,3000.0,3000.0,eval_stochastic,0,2026082148,uniform_random,baseline_protocols_B15_3000slot_2ep/N50/uniform_random,63857,127655,6382.75,2026070951,2026082148,22345,0.0,0.0,0.0,0,0,3000,baseline,,1225,63798
,,,,,,,15,3734,0.23184529932112735,0.2272635612018552,3.313220940550133,1,1127,7.513333333333334,1.7578585009693959,0.007513333333333334,0.92,123093,0.82062,641.121,0.5688740017746229,,0,,,0,0.92,0,0.0,37.08210220743542,50,1.0,825.7820408163266,825.7820408163266,0.0,0.0,Wang ISAC,baseline_wang2025_isac_no_collab,gauss_markov,9.58420231416756,50,2488.600000000001,2488.600000000001,3000.0,3000.0,3000.0,3000.0,eval_stochastic,63707,2026098016,wang2025_isac_no_collab,baseline_protocols_B15_3000slot_2ep/N50/wang2025_isac_no_collab,86293,150000,133.09671694764862,2026070950,2026098016,0,0.0,0.0,0.0,0,0,3000,baseline,,1225,63707
,,,,,,,15,3211,0.25928489042675895,0.2533814247069432,2.856761565836299,1,1124,7.493333333333333,1.7542545354659076,0.007493333333333334,0.9175510204081633,122456,0.8163733333333333,640.728,0.5700427046263344,,1,,,1,0.9175510204081633,0,0.0,37.55218674729199,50,1.0,807.6530612244898,807.6530612244898,0.0,0.0,Wang ISAC,baseline_wang2025_isac_no_collab,gauss_markov,8.87389490627308,50,2458.6000000000095,2458.6000000000095,3000.0,3000.0,3000.0,3000.0,eval_stochastic,63576,2026098017,wang2025_isac_no_collab,baseline_protocols_B15_3000slot_2ep/N50/wang2025_isac_no_collab,86424,150000,133.45195729537366,2026070951,2026098017,0,0.0,0.0,0.0,0,0,3000,baseline,,1225,63576
,,,,,,,15,5675,0.15851126927639383,0.15492753623188404,5.308699719363892,1,1069,7.126666666666667,1.6650856919451285,0.007126666666666667,0.8726530612244898,129596,0.8639733333333334,642.009,0.6005696913002806,,0,,,0,0.8726530612244898,0,0.0,30.6209974330479,50,1.0,796.2742857142857,796.2742857142857,0.0,0.0,Wang ISAC+tables,baseline_wang2025_isac_tables,gauss_markov,9.58420231416756,50,3000.0,3000.0,3000.0,3000.0,3000.0,3000.0,eval_stochastic,64003,2026091389,wang2025_isac_tables,baseline_protocols_B15_3000slot_2ep/N50/wang2025_isac_tables,85997,150000,140.31805425631433,2026070950,2026091389,0,0.0,0.0,0.0,0,0,3000,baseline,,1225,64003
,,,,,,,15,5021,0.17688524590163934,0.1727505603586295,4.653382761816497,1,1079,7.193333333333333,1.6825566128061429,0.007193333333333334,0.8808163265306123,129068,0.8604533333333333,641.286,0.5943336422613531,,1,,,1,0.8808163265306123,0,0.0,28.83777125990387,50,1.0,851.9844897959184,851.9844897959184,0.0,0.0,Wang ISAC+tables,baseline_wang2025_isac_tables,gauss_markov,8.87389490627308,50,3000.0,3000.0,3000.0,3000.0,3000.0,3000.0,eval_stochastic,63762,2026091390,wang2025_isac_tables,baseline_protocols_B15_3000slot_2ep/N50/wang2025_isac_tables,86238,150000,139.01760889712696,2026070951,2026091390,0,0.0,0.0,0.0,0,0,3000,baseline,,1225,63762
,,,,,,,10,1464,0.7092353525322741,0.5567508574992205,0.40996919630355644,1,3571,12.27510535759709,2.825669039062837,0.01227510535759709,0.7214141414141414,131296,0.4513223839347711,1263.7715,0.3538984878185382,,0,,,0,0.7214141414141414,9086,0.0,38.67050894067881,100,1.0,1540.4725252525252,1540.4725252525252,0.0,0.0,Budgeted ISAC,baseline_budgeted_collision_aware_isac,gauss_markov,8.290093772385102,100,3000.0,3000.0,3000.0,3000.0,3000.0,3000.0,eval_stochastic,290914,2026116442,budgeted_collision_aware_isac,B10_3000slot_3ep/N100/budgeted_collision_aware_isac,241992,290914,81.46569588350602,2026070961,2026116442,0,0.0,0.0,0.0,0,0,3000,baseline,,4950,48922
,,,,,,,10,1161,0.7495685936151855,0.5686467026673212,0.33410071942446046,1,3475,11.947123235865435,2.7496705835295523,0.011947123235865435,0.702020202020202,133916,0.46040603028896565,1263.78775,0.36367992805755395,,1,,,1,0.702020202020202,9135,0.0,37.54141957636032,100,1.0,1592.4634343434343,1592.4634343434343,0.0,0.0,Budgeted ISAC,baseline_budgeted_collision_aware_isac,gauss_markov,8.786972439974507,100,3000.0,3000.0,3000.0,3000.0,3000.0,3000.0,eval_stochastic,290865,2026116443,budgeted_collision_aware_isac,B10_3000slot_3ep/N100/budgeted_collision_aware_isac,241843,290865,83.7021582733813,2026070962,2026116443,0,0.0,0.0,0.0,0,0,3000,baseline,,4950,49022
,,,,,,,10,1416,0.713823767178658,0.5548224945020421,0.40090600226500567,1,3532,12.145345258604387,2.7947211262757783,0.012145345258604386,0.7135353535353536,131205,0.45116931615379063,1263.8112500000002,0.3578174546998868,,2,,,2,0.7135353535353536,9189,0.0,40.40123418020016,100,1.0,1552.1947474747474,1552.1947474747474,0.0,0.0,Budgeted ISAC,baseline_budgeted_collision_aware_isac,gauss_markov,8.889682896922388,100,3000.0,3000.0,3000.0,3000.0,3000.0,3000.0,eval_stochastic,290811,2026116444,budgeted_collision_aware_isac,B10_3000slot_3ep/N100/budgeted_collision_aware_isac,241676,290811,82.33607021517554,2026070963,2026116444,0,0.0,0.0,0.0,0,0,3000,baseline,,4950,49135
,,,,,,,10,541,0.6440789473684211,0.5543601359003397,0.5526046986721144,1,979,6.735049085367951,1.5261433896673544,0.006735049085367951,0.7991836734693878,83582,0.5750039557234158,641.48625,0.6552464249233912,,0,,,0,0.7991836734693878,4641,0.0,26.92027342896581,50,1.0,1205.3085714285714,1205.3085714285714,0.0,0.0,Budgeted ISAC,baseline_budgeted_collision_aware_isac,gauss_markov,8.499068391037405,50,3000.0,3000.0,3000.0,3000.0,3000.0,3000.0,eval_stochastic,145359,2026116442,budgeted_collision_aware_isac,B10_3000slot_3ep/N50/budgeted_collision_aware_isac,115914,145359,148.47701736465783,2026070961,2026116442,0,0.0,0.0,0.0,0,0,3000,baseline,,1225,29445
,,,,,,,10,450,0.6792587312900926,0.568955223880597,0.472193074501574,1,953,6.551539233614277,1.4841820918557649,0.0065515392336142775,0.7779591836734694,86174,0.5924158886857048,642.1045,0.6737717733473243,,1,,,1,0.7779591836734694,4538,0.0,25.37386400508218,50,1.0,1224.3175510204082,1224.3175510204082,0.0,0.0,Budgeted ISAC,baseline_budgeted_collision_aware_isac,gauss_markov,8.419264358958866,50,3000.0,3000.0,3000.0,3000.0,3000.0,3000.0,eval_stochastic,145462,2026116443,budgeted_collision_aware_isac,B10_3000slot_3ep/N50/budgeted_collision_aware_isac,115901,145462,152.63588667366213,2026070962,2026116443,0,0.0,0.0,0.0,0,0,3000,baseline,,1225,29561
,,,,,,,10,714,0.5908309455587393,0.5317173800928313,0.6925315227934045,1,1031,7.092003439380911,1.6063537444908182,0.007092003439380911,0.8416326530612245,83148,0.5719552880481513,641.82625,0.6225278855480116,,2,,,2,0.8416326530612245,4625,0.0,31.499507351108015,50,1.0,1083.5208163265306,1083.5208163265306,0.0,0.0,Budgeted ISAC,baseline_budgeted_collision_aware_isac,gauss_markov,8.888884796211105,50,3000.0,3000.0,3000.0,3000.0,3000.0,3000.0,eval_stochastic,145375,2026116444,budgeted_collision_aware_isac,B10_3000slot_3ep/N50/budgeted_collision_aware_isac,115790,145375,141.003879728419,2026070963,2026116444,0,0.0,0.0,0.0,0,0,3000,baseline,,1225,29585
,,,,,,,15,14357,0.23080632199303508,0.22313150670741183,3.3326369545032497,1,4308,14.894823461075692,3.429911728339526,0.014894823461075691,0.8703030303030304,78520,0.27148132269351516,1256.009,0.29155269266480965,,0,,,0,0.8703030303030304,10772,0.0,61.68242633779947,100,1.0,936.7416161616162,936.7416161616162,0.0,0.0,Budgeted ISAC,baseline_budgeted_collision_aware_isac,gauss_markov,8.290093772385102,100,3000.0,3000.0,3000.0,3000.0,3000.0,3000.0,eval_stochastic,289228,2026116442,budgeted_collision_aware_isac,B15_3000slot_2ep/N100/budgeted_collision_aware_isac,241026,289228,67.13741875580315,2026070961,2026116442,0,0.0,0.0,0.0,0,0,3000,baseline,,4950,48202
,,,,,,,15,10847,0.2804643449419569,0.26764575552320063,2.565515610217597,1,4228,14.594357630798651,3.360028259840331,0.014594357630798652,0.8541414141414141,80586,0.2781695610301656,1258.32275,0.2976165444654683,,1,,,1,0.8541414141414141,10299,0.0,62.27974581215756,100,1.0,1024.1985858585858,1024.1985858585858,0.0,0.0,Budgeted ISAC,baseline_budgeted_collision_aware_isac,gauss_markov,8.786972439974507,100,3000.0,3000.0,3000.0,3000.0,3000.0,3000.0,eval_stochastic,289701,2026116443,budgeted_collision_aware_isac,B15_3000slot_2ep/N100/budgeted_collision_aware_isac,241229,289701,68.51963103122044,2026070962,2026116443,0,0.0,0.0,0.0,0,0,3000,baseline,,4950,48472
,,,,,,,15,4006,0.2154328241284763,0.21028484037468936,3.6418181818181816,1,1100,7.598626720916256,1.7493826468397997,0.007598626720916256,0.8979591836734694,51498,0.3557400717034049,628.7932500000001,0.5716302272727273,,0,,,0,0.8979591836734694,5237,0.0,35.26739141662015,50,1.0,765.0179591836735,765.0179591836735,0.0,0.0,Budgeted ISAC,baseline_budgeted_collision_aware_isac,gauss_markov,8.499068391037405,50,3000.0,3000.0,3000.0,3000.0,3000.0,3000.0,eval_stochastic,144763,2026116442,budgeted_collision_aware_isac,B15_3000slot_2ep/N50/budgeted_collision_aware_isac,120547,144763,131.60272727272726,2026070961,2026116442,0,0.0,0.0,0.0,0,0,3000,baseline,,1225,24216
,,,,,,,15,3209,0.2526781555659059,0.2447000451059991,2.9576036866359448,1,1085,7.486321076926261,1.7237565023153545,0.007486321076926261,0.8857142857142857,51545,0.355651999917202,629.43925,0.5801283410138249,,1,,,1,0.8857142857142857,5069,0.0,35.760838736860585,50,1.0,784.814693877551,784.814693877551,0.0,0.0,Budgeted ISAC,baseline_budgeted_collision_aware_isac,gauss_markov,8.419264358958866,50,3000.0,3000.0,3000.0,3000.0,3000.0,3000.0,eval_stochastic,144931,2026116443,budgeted_collision_aware_isac,B15_3000slot_2ep/N50/budgeted_collision_aware_isac,120707,144931,133.57695852534562,2026070962,2026116443,0,0.0,0.0,0.0,0,0,3000,baseline,,1225,24224
